date,co,no2,o3,so2
2025-08-23,,,,
2025-08-24,0.0326585238799452,1.7166756103841563e-05,0.1293331325054168,2.0471616457651928e-05
2025-08-25,0.0341149037312559,3.086647092197069e-05,0.1279376654670788,-7.297754664268384e-06
2025-08-26,0.0330096918379286,2.8233759168969942e-05,0.1304304910393861,2.6266634873707997e-05
2025-08-27,0.0348927881931052,1.978331212574796e-05,0.1302191792199244,5.764155561537503e-06
2025-08-28,0.0303402622653679,2.6150731740087325e-05,0.1270064169397721,-7.619466066444147e-06
2025-08-29,0.0344532725807183,2.6229427409031235e-05,0.1255857333827477,1.0116607716905173e-05
2025-08-30,0.0382662355154752,3.460532828704835e-05,0.1254036462077727,1.6844069164370432e-05
2025-08-31,0.0359342600382173,2.219049561428891e-05,0.1282526080424969,3.681010811415372e-05
2025-09-01,0.0336282869962894,1.479916821923465e-05,0.12934427140997,4.926485642802921e-05
2025-09-02,0.0320059622379955,2.2689332269822315e-05,0.1288739266876991,2.23357974057174e-05
2025-09-03,,3.372916547819981e-05,0.1286092872803027,0.00013029000944103384
2025-09-04,0.03309083122015,3.479451883914556e-05,0.1289188442321924,7.277523901453507e-05
2025-09-05,0.0354929474526888,4.007891133952717e-05,0.1288455059322027,4.6166630273932286e-05
2025-09-06,0.0331653358588213,3.637467725197139e-05,0.128508274601056,8.90212814073703e-05
2025-09-07,0.0341893325746059,3.080876339564301e-05,0.1264865418179677,4.942603954287524e-07
2025-09-08,0.0326729785650968,1.800608697521966e-05,0.1257130703399617,-0.00016494603361934422
2025-09-09,,,0.125161203999932,
2025-09-10,0.0296210709462563,1.4554604301035092e-05,0.125860765719643,-5.990983481751755e-06
2025-09-11,0.0307880348113716,2.0444634628802305e-05,0.1265777712544569,-1.3090437400418489e-05
2025-09-12,0.0321452538446178,2.523082804373189e-05,0.1268107635470537,1.25266886964009e-05
2025-09-13,0.0301921266455983,2.6121484698806955e-05,0.1239982623893481,4.5772887574457854e-05
2025-09-14,0.0310298017185667,2.594494581796513e-05,0.1238816435520465,2.4441676341141897e-05
2025-09-15,0.0349566116662962,1.6964228468924672e-05,0.1224472148773761,-1.933096204772153e-05
2025-09-16,0.0339787492572557,1.6532817733150294e-05,0.123569285754974,-8.55541972509389e-06
2025-09-17,0.0313959880315877,2.648484385352796e-05,0.1243177413653868,3.004128818392713e-05
2025-09-18,0.0311621411605493,2.4822415997721094e-05,0.1251958359605991,-9.001691172099611e-06
2025-09-19,0.0339387678213312,2.114524629024966e-05,0.1251005447254731,3.580428532471378e-05
2025-09-20,0.0303680856095653,2.4834545475230648e-05,0.1261998335902507,1.826551498101121e-05
2025-09-21,0.0299812349102159,2.352050080014953e-05,0.1262450284109665,5.305823167889701e-06
2025-09-22,0.029952630555878,2.5423554400143025e-05,0.125190309377817,2.1316467240500692e-05
2025-09-23,0.0301748951241164,1.6688395296495722e-05,0.1251927080062719,-1.315220375049235e-05
2025-09-24,0.0290784328861768,1.4802722944295963e-05,0.125102987433222,-3.747152965306902e-05
2025-09-25,0.0301904452277258,2.3073683088555437e-05,0.1265502355133111,5.439496333370238e-06
2025-09-26,0.0312669491624744,3.6931958491931226e-05,0.126313173570312,1.1783914082044766e-05
2025-09-27,0.0313171610289898,4.367051006878543e-05,0.1246038253490741,3.33504719208122e-05
2025-09-28,0.03334786723189,3.805163710939479e-05,0.1246155647704234,-2.087788988004692e-05
2025-09-29,,3.0025605315530445e-05,0.1204473706678702,1.953258253764901e-05
2025-09-30,0.0336915068860564,3.697615601826084e-05,0.1214516611339954,6.286323999423378e-05
2025-10-01,0.0347979025114789,3.92095016612691e-05,0.1236299364612652,1.8215987563776504e-05
2025-10-02,0.0323407397037599,2.9742373034589666e-05,0.1254788316213167,7.322593501764155e-05
2025-10-03,0.0293001698862229,1.9507507886373787e-05,0.122277330693144,6.062453745802156e-06
2025-10-04,0.0323587193046338,3.134320591818644e-05,0.1209378057087843,2.2217191348410933e-05
2025-10-05,0.0325083591479567,1.918660128607231e-05,0.1233654416524446,6.810862309955952e-05
2025-10-06,0.0292096886282356,3.1196679576448965e-05,0.1246140390061415,2.5946770038514773e-05
2025-10-07,0.0300403088146802,6.084530298267055e-05,0.1261074685993103,6.737428288418484e-05
2025-10-08,0.0299376695223102,6.74063343117618e-05,0.1267920996420658,7.136284029999073e-05
2025-10-09,0.0328859621897721,5.488086529532246e-05,0.1227541817782016,-5.907574175388128e-05
2025-10-10,0.0326625398555948,3.525060600895813e-05,0.1224118941060201,9.5216262198436e-05
2025-10-11,0.0313194892341326,3.643354888639104e-05,0.1224994396934142,5.169719738835108e-05
2025-10-12,0.0316795965089746,5.244428160110076e-05,0.1245246608956502,5.49402488821635e-05
2025-10-13,0.0322222819785928,4.708296898320441e-05,0.1262912016648512,5.537555874127079e-05
2025-10-14,0.0313656756837592,5.995151308735121e-05,0.1270462382871371,9.274348191402518e-05
2025-10-15,0.0312917542369926,5.699608624966529e-05,0.1279945558653428,0.00017002616529960223
2025-10-16,0.0365015199141843,6.943368795103967e-05,0.1270061700389935,4.41752464387089e-05
2025-10-17,0.0328369964120076,6.434314155880061e-05,0.1253357300678124,0.0001082227090699042
2025-10-18,0.0325752381680521,7.619719028578122e-05,0.1259486006716123,5.138136233951557e-05
2025-10-19,0.0338499564350697,5.172796423511709e-05,0.1267364749541649,3.697983420352103e-05
2025-10-20,0.0374057771670713,7.00416256677272e-05,0.1259724754267014,4.6306126555114485e-05
2025-10-21,,6.661935303082618e-05,0.1241868851276544,0.00010600084518990536
2025-10-22,0.0381862895838061,5.094355449797989e-05,0.1222220681034601,4.626233221970849e-05
2025-10-23,0.0338266956812096,7.885682187826695e-05,0.120525333772485,7.481861684139036e-05
2025-10-24,0.0351083828967862,9.057481900946676e-05,0.1204111873816985,0.00014247913986349222
2025-10-25,0.0383779427967965,8.172665683769782e-05,0.1195733258070854,0.00017539430905519392
2025-10-26,0.0385764025471693,4.609158285766699e-05,0.1182838051947725,3.806634011686206e-05
2025-10-27,0.0361866853761334,4.6294629475176825e-05,0.1175292689926349,-2.2647485418649294e-06
2025-10-28,0.0386918186357146,4.023345149667316e-05,0.117808033268039,5.97650886032415e-05
2025-10-29,0.0354440168416856,3.878043653807813e-05,0.1169175203603047,-3.0310127516704948e-05
2025-10-30,0.0361049179882966,3.780464206171858e-05,0.1165622417743389,-1.5212153231713132e-05
2025-10-31,0.0406758465091054,2.9371664044392123e-05,0.1152832878896823,-2.145595891096701e-05
2025-11-01,0.0470696489929276,7.8368514725578e-05,0.1170957696265899,6.125249867899094e-05
2025-11-02,0.0374999866171768,7.292014776812021e-05,0.1191125806707602,0.00017941076700760906
2025-11-03,0.0296040034179199,4.1438473806028224e-05,0.120199099698892,-8.995339588252066e-06
2025-11-04,0.0301240535063595,4.520830492100895e-05,0.1192928137974097,1.2182571854588368e-05
2025-11-05,0.0306468267390068,4.892253721733981e-05,0.1187578311906411,0.00012205718450366896
2025-11-06,0.0348954517287255,0.00010580353568037444,0.1202730024949862,0.0002384939049289432
2025-11-07,0.0335475192350499,7.021216925540312e-05,0.1194211677289926,5.922506207018439e-05
2025-11-08,0.0289141817030104,4.895176041023101e-05,0.1181352665218023,5.16273783611828e-05
2025-11-09,0.0283486321229826,6.745825188458044e-05,0.1173608003327479,1.1575699155977975e-05
2025-11-10,0.031910782402736,6.391818540648203e-05,0.1168375760316848,6.868567493256705e-05
2025-11-11,0.0344108471790185,7.530598901549325e-05,0.116942847667918,2.9938372684531107e-05
2025-11-12,0.0312690247571276,5.557444991819256e-05,0.1165463619220715,2.8386380530010824e-05
2025-11-13,0.0311065659610719,7.923299562063856e-05,0.1164072772917839,0.00011702515963765318
2025-11-14,0.0308040396488282,6.80494690623863e-05,0.1156914139596315,9.50376927418207e-05
2025-11-15,0.0325712386781916,9.519051332762712e-05,0.1153268345273458,0.00010323197576378963
2025-11-16,0.0319049652955937,5.75409527685294e-05,0.1145666429916253,0.00011918072523695418
2025-11-17,0.0356685832184923,8.655205671787441e-05,0.1157129601503794,1.0942912200124948e-05
2025-11-18,0.0350534498103355,6.54021049474916e-05,0.1141740346757265,4.161638441228906e-05
2025-11-19,0.0341736387069288,7.625202968892626e-05,0.1127082957384678,4.771463104501751e-05
2025-11-20,0.0370804290098778,9.13524896864496e-05,0.1128111816083009,8.257743796382153e-05
2025-11-21,0.0430074259638786,8.041630123723455e-05,0.1138578637288166,0.0001604521533520343
2025-11-22,0.0455130812186765,8.966586794262919e-05,0.1176513416835895,9.666863559057394e-05
2025-11-23,0.0374572271102806,7.63357291851627e-05,0.1145308758203799,
2025-11-24,0.0383335865834461,6.760769526713135e-05,0.1159972104602135,
2025-11-25,0.0352961107448566,4.591875347859269e-05,0.1145905023297438,
2025-11-26,0.0366510152816772,6.647155489470326e-05,0.118175023392989,
2025-11-27,0.0387117783198269,3.174294840287299e-05,0.1149193519071156,
2025-11-28,0.0357836658127197,3.395918886851107e-05,0.1133088985314736,
2025-11-29,0.0362445626613552,5.033536389104344e-05,0.1112698679360059,
2025-11-30,0.0329594960072513,3.962973749502488e-05,0.1126260066261658,
2025-12-01,0.0308865515769205,6.235431099351164e-05,,
2025-12-02,0.0297105003878766,9.003727008908195e-05,0.1140373691343344,
2025-12-03,0.0297734464964141,5.0990608344119e-05,0.1124147442957529,0.00018810589164016932
2025-12-04,0.0341677974801564,6.527444799863028e-05,0.1139039389215983,-9.450092620157262e-05
2025-12-05,0.0330910484703017,9.360869125251052e-05,0.1146745406091213,-0.0001224250668618455
2025-12-06,0.0333873095837506,6.0018542151585744e-05,0.1153500392173345,6.738868881370764e-05
2025-12-07,0.03339274727536,5.729547668712106e-05,0.1196238086773799,-9.645078481788424e-05
2025-12-08,0.0331293953354725,7.05802577823096e-05,0.1177249082292501,0.00019598612170039603
2025-12-09,0.0314116561123745,0.0001058508458317402,0.1143065103831199,6.813842682836716e-07
2025-12-10,0.0315366437170594,8.574560903210883e-05,0.1113391715746659,-1.656832088988617e-05
2025-12-11,0.0306728665087674,7.18024955351491e-05,0.1104666723941381,-7.648299656291504e-05
2025-12-12,0.0335046996711753,5.861345286155903e-05,0.109402382803651,7.116554304240288e-06
2025-12-13,0.0312588199688847,4.446586766248101e-05,0.1105768858217725,-0.00010601899950106526
2025-12-14,0.0392095807456333,5.756612938974404e-05,0.1126332121113171,0.00010016259876146284
2025-12-15,0.0381029248237609,6.721855464250508e-05,0.1117167306634096,-7.02923653056823e-05
2025-12-16,0.0372860731998669,5.859317180538098e-05,0.1099687515829618,-4.161216507659796e-05
2025-12-17,0.0399237187442983,5.586434314094592e-05,0.1093236744403839,-2.2347504318203776e-05
2025-12-18,,0.00011045665945061956,0.1109234540508343,-5.536348171191488e-05
2025-12-19,0.0349909571151054,4.517414824100832e-05,0.1144160232005211,4.871578681918753e-05
2025-12-20,0.0412297310928503,0.00010769772106126467,0.1138922005605239,0.0001778924557290793
2025-12-21,0.0337465783684617,5.737060228834072e-05,0.115325047304997,3.9353699182454366e-05
2025-12-22,0.0340183696300699,8.443057089642444e-05,0.1157076538755343,2.01188852206367e-06
2025-12-23,0.0344566647963952,4.282708636432849e-05,0.116762420334495,-1.979368736591333e-05
2025-12-24,0.0339467364000974,8.022152993677222e-05,0.1162406038206357,0.00011592375236333713
2025-12-25,0.0333682812750339,0.00012094101505257864,0.1131882517097088,9.656098332921914e-05
2025-12-26,0.0346870452471791,0.00011434451938923908,0.1144802992160503,0.00014993193812660348
2025-12-27,0.0349831320857117,7.923663088149624e-05,0.114799763663457,-2.9593983428919905e-05
2025-12-28,0.0366520961271781,0.00010072249726439016,0.1134622848664338,-9.792699554367346e-06
2025-12-29,0.041809031901332,6.639942558106873e-05,0.1141377350156621,-5.046081517491303e-05
2025-12-30,0.0380411694049835,2.906231369391977e-05,0.1135628604258482,-5.183393172504854e-05
2025-12-31,0.0303063762011164,4.384333241992303e-05,0.1127093383039419,-1.4405439479175514e-05
2026-01-01,0.0314611496423628,6.660027136674146e-05,0.1125131865820059,-5.528563765088061e-05
2026-01-02,0.035764188537102,7.052819151935043e-05,0.10871825625117,-0.000109983211906148
2026-01-03,0.0371304588577552,0.00011591982249521088,0.1074233463463874,-5.047160262847683e-05
2026-01-04,0.038393171579507,0.00010083176044785292,0.1085984963350571,7.265055533025588e-05
2026-01-05,0.0415713179362825,7.2779495054144e-05,0.1112892726292976,0.00013283161025912094
2026-01-06,0.0346888631280209,6.479721415556784e-05,0.1136283255253846,-8.252399627716264e-05
2026-01-07,0.0343208797680942,6.001005643226493e-05,0.1137674747464748,-7.586494557034921e-05
2026-01-08,0.0346762896204988,4.716008835692684e-05,0.1165345258151109,7.860001876626763e-05
2026-01-09,0.0323672815606805,6.692125262606379e-05,0.1105018064379692,3.3907479600368506e-05
2026-01-10,0.0370135354166178,6.335686652636678e-05,0.1159608409381829,-4.458869209757338e-05
2026-01-11,0.0347474127209612,6.700525304337973e-05,0.1174341997848107,-2.3375590999071742e-05
2026-01-12,0.0344479636017543,0.0001000258345212702,0.1191141579586726,-1.4050659683562116e-05
2026-01-13,0.0375428473525637,8.375979764434993e-05,0.1177025253669573,5.0667012267415255e-05
2026-01-14,0.034246399346739,0.00010152646572954522,0.1180599460466986,4.252604270956028e-05
2026-01-15,0.0303115225478745,4.333793480329772e-05,0.117016767624479,-8.615613969246065e-05
2026-01-16,0.0299267790562242,3.145751244362474e-05,0.1270557816498554,-8.612533655576289e-05
2026-01-17,0.0302381723111919,5.282342293593885e-05,0.1191472059832169,1.2211752311992364e-05
2026-01-18,0.0338375831195891,7.68385764063387e-05,0.1225664901905334,4.677382924090512e-05
2026-01-19,0.0290852139971052,8.166418026205529e-05,0.122011463315441,0.000272662232107625
2026-01-20,0.0313016540654327,7.62802252351181e-05,0.1216523856211167,-5.256948064143668e-05
2026-01-21,0.0364800890167363,8.937970322641867e-05,0.1186718207712356,0.00015230826634557651
2026-01-22,0.0291641496005468,3.856210605590604e-05,0.1163160698631635,4.334876102802809e-05
2026-01-23,0.0385076577585299,4.23891973506093e-05,0.1247245381371333,6.754035743877187e-05
2026-01-24,,3.3360492524716906e-05,0.121435332384247,7.897024428329299e-05
2026-01-25,0.0329972372926545,3.669088963971052e-05,0.120385124706305,1.2509054414085068e-05
2026-01-26,0.0344882502865332,5.802998268452629e-05,0.1212158208283094,-3.0957577314438824e-05
2026-01-27,0.0319937011169165,6.386462436274507e-05,0.1214374711880317,5.053133895103201e-05
2026-01-28,0.0308561876312726,0.00010746748065195368,,
2026-01-29,0.0349908721234117,6.039363754256477e-05,0.1180315432926783,2.185883976997352e-05
2026-01-30,0.0345636346135978,4.861941262056661e-05,0.1184980100739546,0.0001815509802144541
2026-01-31,0.0342253614307462,7.93530268730627e-05,0.1219321133139041,0.0001332204555900227
2026-02-01,0.033696896429141,8.96394182151338e-05,0.1249709022159759,0.00022589872493111984
2026-02-02,0.0353687377549552,5.992613521007465e-05,0.1266877281837738,2.2284807307816943e-05
2026-02-03,0.0353743969707896,7.773688494847438e-05,0.1219897639292937,4.382486269316989e-05
2026-02-04,0.031067820575009,5.2087194182184666e-05,0.118719747949105,-1.1000482761748852e-05
2026-02-05,0.0344961266964674,5.2078397098179824e-05,0.1221570454537868,-6.449730970224175e-05
2026-02-06,0.0395315807863053,8.512443196020915e-05,0.1239551425266724,0.00017629051647488197
2026-02-07,0.0359019894361952,0.00011467821372417138,0.1245694521241463,7.778379776412364e-05
2026-02-08,0.0373711671407629,0.00012580890741166793,0.1260883874331529,0.00018903180147775015
2026-02-09,0.0323683932662647,3.1799159650675463e-05,0.1216924819522179,-1.242833372124061e-05
2026-02-10,0.0383621901871367,3.757531787216437e-05,0.1256071823720748,9.712457792180172e-05
2026-02-11,0.0411778133843214,3.597831987288093e-05,0.1307713031768798,0.00014246251469365653
2026-02-12,0.0372862994036775,6.495764499338572e-05,0.1286629693439373,2.718119207062185e-05
2026-02-13,0.0346294866120886,0.00010461550388859344,0.1258164073698795,6.152817826519962e-05
2026-02-14,0.0361651891368146,9.967053536876428e-05,0.1277591948898939,3.104356399144483e-05
2026-02-15,0.0366613668306629,6.329725525574758e-05,0.1282928390428424,0.00012325140220218953
2026-02-16,0.0295435452054059,2.8991188122948284e-05,0.1282363393558905,1.886268682413244e-05
2026-02-17,0.0285245469447387,4.622979870166293e-05,0.1273999258302725,0.00013268240768780202
2026-02-18,0.040243278843937,6.977279226271723e-05,0.1249727784441067,3.5946776167897706e-05
2026-02-19,0.0389716709218919,5.937196561157739e-05,0.1214220519249255,7.493048712621413e-06
2026-02-20,0.0370726608733336,5.224316738839172e-05,0.1286400179450328,0.00013397759492385684
2026-02-21,0.0394822343643465,8.89241374842151e-05,0.1252694067187034,-7.113569676693469e-05
2026-02-22,0.033820038845227,3.7108801262337904e-05,0.1213533143584544,4.940100651713062e-05
2026-02-23,0.0342897458590175,5.317484661086032e-05,0.1241064850814067,-1.140307880886072e-05
2026-02-24,0.0405863826266593,0.0001015852590171562,0.1256000367208169,4.4233707065079495e-05
2026-02-25,0.0455721360833748,0.00010295943727144802,0.1259542029064435,0.0002874028800533779
2026-02-26,0.0417118149085177,4.964911596997668e-05,0.1239093951880931,8.596582889157827e-05
2026-02-27,0.0339076409706982,2.931857483452824e-05,0.1241938364906952,1.999543561536344e-05
2026-02-28,0.0331247249880853,3.829107724081601e-05,0.1233026999407089,0.00014581662759295655
2026-03-01,0.0312655044621542,3.253467464743993e-05,0.1248260844212311,3.117123369607865e-05
2026-03-02,0.0339564608336336,6.41027761065953e-05,0.1245157639281107,8.725519108015061e-05
2026-03-03,0.0363033162712147,5.388364936467896e-05,0.1250172778384231,0.00039559585808035536
2026-03-04,0.031033570436224,3.354619794568346e-05,0.1223425763157697,6.724670746245045e-05
2026-03-05,0.0300280371753191,2.7458321919154444e-05,0.1228377883824018,0.00012967312890955677
2026-03-06,0.0302607760042984,2.803966685893154e-05,0.121505328754966,1.6387288308604954e-05
2026-03-07,0.0333322859412738,5.43654137415545e-05,0.1231151688557404,0.0001467654739673645
2026-03-08,0.0293176794573664,4.523885652885768e-05,0.1233303845215302,3.3112724605206706e-05
2026-03-09,0.0358105340865669,3.5227143479670094e-05,0.1238429148609821,6.180466977372572e-05
2026-03-10,0.0352644204604821,3.008979614247227e-05,0.1237325574343021,2.9132712385349944e-05
2026-03-11,0.029597439036905,3.555095156920848e-05,0.1241868460694184,5.5473953956991935e-05
2026-03-12,0.0294084297192673,4.902404973388632e-05,0.1235732245617187,3.08536187617392e-05
2026-03-13,0.035449600620755,7.831619344730055e-05,0.1234929023167261,6.953642828455906e-05
2026-03-14,0.0335222182964736,3.3532862926222154e-05,0.1278676984974971,-1.2367989665799192e-05
2026-03-15,0.0297479584568263,3.3394991630932335e-05,0.1325139892215912,4.627181248180862e-05
2026-03-16,0.0309685023177577,3.961825795718491e-05,0.13546161244695,5.551225419362883e-05
2026-03-17,0.0339793032360111,6.671696215265071e-05,0.1327676253250012,0.0001228624486316221
2026-03-18,0.0356629590446851,9.798516783540926e-05,0.1316581836686684,0.0002812393299073416
2026-03-19,0.0316174775362014,3.165976780090862e-05,0.1348739810258961,-5.133036963040164e-05
2026-03-20,0.0341683559779202,3.797450131978272e-05,0.130835013034252,8.029076177186093e-05
2026-03-21,0.0323501348830562,3.548209056427896e-05,0.1265583415730641,0.00010734551873427404
2026-03-22,0.0330533305978746,3.579924401782996e-05,0.1237862269465739,-1.3178695553764638e-05
2026-03-23,0.0316429954958472,3.805856460052477e-05,0.1234827825083182,4.276767034542016e-05
2026-03-24,0.0235935654491186,4.10312678093974e-05,0.1222151229587885,0.00014156687016131877
2026-03-25,0.0323105690233847,1.6548030760128824e-05,0.124829290406062,-9.704841656966674e-05
2026-03-26,0.0312289205241076,2.1403762785118155e-05,0.1225944585811633,5.239657031359877e-05
2026-03-27,0.030914683729924,4.084854849679686e-05,0.12334092895572,5.909925575819076e-05
2026-03-28,0.031179784797132,1.613375153096229e-05,0.1215943075429934,1.614678127627765e-05
2026-03-29,0.0318727917681082,1.6937687943342237e-05,0.1224876924776113,-1.6769932621558e-05
2026-03-30,0.0293540427415836,2.479615691474744e-05,0.1329061244542782,0.00011442940293853518
2026-03-31,0.0311937248063029,2.5202294945177128e-05,0.1351925017168888,2.3952819451913207e-05
2026-04-01,0.0294448698832824,2.4815948485440117e-05,0.1312353439629077,5.499088710310984e-05
2026-04-02,0.0237737836218193,,0.1411469559829968,
2026-04-03,0.0295576892811088,2.888158036119844e-05,0.146711673014439,6.922033339133822e-06
2026-04-04,0.031557416132298,3.439511455667343e-05,0.1370617019063303,0.00021259405127057107
2026-04-05,0.0301482770816389,3.431803939711782e-05,0.133242354198144,6.943834877756254e-05
2026-04-06,0.0321048627762744,2.0781411321622e-05,0.1311610546249609,4.243132922080609e-05
2026-04-07,0.0336188085149137,3.450859174406035e-05,0.1321202721160191,0.00010836414360080828
2026-04-08,0.0371516535093111,4.507020133202716e-05,0.131491449704537,9.930071251941486e-05
2026-04-09,0.0359928088506595,5.973692655411119e-05,0.1301223545693434,0.00012143475088963056
2026-04-10,0.0364663063415459,4.4758810240838e-05,0.128442119864317,-3.461872540898325e-05
2026-04-11,0.0323583351368729,3.2559211627450133e-05,0.1270402108820585,0.00016494451577736633
2026-04-12,0.0327115635239127,7.32649540833126e-05,0.1258802723139524,0.00018788154691789643
2026-04-13,0.0296663192108156,3.447598142499304e-05,0.1251316739962651,4.828796934799147e-05
2026-04-14,0.0325673408283109,4.102716140655852e-05,0.1241799919937665,-1.1300221419875157e-05
2026-04-15,0.0357343032956123,3.5199183151528855e-05,0.1252143688213366,-0.00015250130515526578
2026-04-16,0.0275534873997623,1.7066366763788826e-05,0.1245004514948679,-5.670730488473334e-05
2026-04-17,0.0284551821464488,2.9636744323642443e-05,0.1307594110186283,3.7799190974615504e-05
2026-04-18,0.027603408584518,3.5844822002673026e-05,0.1310178936674044,0.00010015354148960726
2026-04-19,0.0297601446334465,3.999056953734208e-05,0.1337790696666791,6.156047528520503e-05
2026-04-20,0.034014429045575,4.015594865832677e-05,0.1331263584088519,0.00011902687510931275
2026-04-21,0.0329803499711669,3.164650680236474e-05,0.1299362419889523,8.529969400683513e-05
2026-04-22,0.0302542037774286,3.118306393529425e-05,0.1268124193526231,4.745970114841979e-05
2026-04-23,0.0300601119088241,3.672644372552615e-05,0.1245317596369064,0.0001031075428015308
2026-04-24,0.0322551074698567,3.2180653227862e-05,0.1241162186345228,4.763872995852125e-05
2026-04-25,0.0302904474488257,2.9667150451692014e-05,0.1265147330382695,-4.4566461396628325e-06
2026-04-26,0.0298056272281841,2.182063291054594e-05,0.1295306001145106,-9.404543404273752e-07
2026-04-27,0.0312576161552991,2.4762002479405964e-05,0.1303767565351266,3.575550203392525e-05
2026-04-28,0.0309974092208308,3.0086903913028296e-05,0.130638906531609,2.253307814218995e-05
2026-04-29,0.0322997514561657,3.54226142644183e-05,0.1310853852675511,3.3430268057307223e-05
2026-04-30,0.0338459656767473,2.7813805362396892e-05,0.1300262303879628,9.58932826139202e-05
2026-05-01,0.0330743945822744,1.7674467434024823e-05,0.1315652356124841,3.078219848650686e-05
2026-05-02,0.0319362638852084,2.3709517766362228e-05,0.1327262417055093,1.9800535374787824e-05
2026-05-03,0.0318117241887067,3.955043612922264e-05,0.134449604497506,3.6227048125152366e-05
2026-05-04,0.0323706239830913,4.968677471047707e-05,0.1344143899014362,6.529879251371103e-05
2026-05-05,0.0371945167133391,5.687575256580693e-05,0.1324569279757829,7.736933095958858e-05
2026-05-06,0.0377454503128925,4.480755315734828e-05,0.1338756165452419,9.939826621951436e-05
2026-05-07,0.032352334506896,2.5673606760042627e-05,0.1348045157125363,4.146319839151147e-05
2026-05-08,0.0335805516145872,3.496375509957243e-05,0.1336065235619361,5.8048954473668766e-05
2026-05-09,0.0330587826255295,3.2643223724121e-05,0.1330125670593518,7.541045670966294e-05
2026-05-10,0.0333245027956424,1.8768027220626385e-05,0.1321872545549502,3.469987783885332e-05
2026-05-11,0.0276452363110505,1.990105034738441e-05,0.1317587832991893,7.736720171421368e-05
2026-05-12,0.0314541242861499,2.640051438159109e-05,0.130138463469652,-7.901495375615643e-06
2026-05-13,0.0331676957738953,2.185261679852164e-05,0.1287176039929573,3.3177143919042114e-05
2026-05-14,0.0308378076943473,2.838400420684523e-05,0.1307714547102268,2.948279046852174e-05
2026-05-15,0.030449705798242,2.9928920502852157e-05,0.1313376458218464,5.066250055306271e-05
2026-05-16,0.0324940890178223,3.084901819385358e-05,0.1282882190094544,3.300999778642878e-05
2026-05-17,0.0316752883670635,2.0954261920472012e-05,0.1302790275559975,2.086362114299006e-05
2026-05-18,0.0297263819870411,2.086770351358889e-05,0.1313325380476621,1.507638781521774e-05
2026-05-19,0.0298594972466893,2.1932181360066e-05,0.1298188510995644,2.238867219830354e-05
2026-05-20,0.0297592475554485,2.7576230255240613e-05,0.1293687145297344,0.00010832039105624655
2026-05-21,0.0295985565090981,2.643531991959837e-05,0.1272284177633432,5.199760390111736e-05
2026-05-22,0.0311697458066506,2.1016907509597584e-05,0.127794417503633,3.891908811835622e-05
2026-05-23,,,,
2026-05-24,0.0300688865136797,2.2965084812872543e-05,0.1300854921914064,1.6273544980986816e-05
2026-05-25,0.0305574489306778,2.973938094425087e-05,0.1315997505417236,3.460832892148862e-05
2026-05-26,0.0328566004182138,2.7434211246631897e-05,0.1320920219215063,2.1754321437802345e-05
2026-05-27,0.0289018478016464,1.8691135841646215e-05,0.1321350406568784,5.024395122046162e-05
2026-05-28,0.0295759711621536,1.0209170918374663e-05,0.1309735601338056,1.8066161404835135e-05
2026-05-29,0.0305100908075576,1.2477128577440667e-05,0.1330199768910041,1.49634596118104e-05
2026-05-30,0.027845591715368,2.087507165013081e-05,0.134127860630934,-1.6175088493005557e-05
2026-05-31,0.0286349463204924,8.450126644340972e-06,0.1328282249661592,6.575241144993664e-05
2026-06-01,0.0299552320239116,1.3379761834122824e-05,0.1316457871061105,5.58075094965296e-05
2026-06-02,0.0324110543310997,1.881600516771169e-05,0.1310409353902706,2.161413299990482e-06
2026-06-03,0.0297592012584209,1.2919927153267104e-05,0.1314945954542893,9.487925111583396e-05
2026-06-04,0.0294486391092674,2.057687395654284e-05,0.1326411436956662,7.752322427908994e-05
2026-06-05,0.0281836256456146,2.350608010219032e-05,0.1278289594902442,3.3104642033357285e-05
2026-06-06,0.0287422739577839,2.249889877073376e-05,0.1292039337639625,5.093886156981416e-05
2026-06-07,0.0302108748150723,1.7059761996431608e-05,0.1340914140474746,0.00010852109366743342
2026-06-08,0.0293104513619954,1.8041787069040976e-05,0.1331204493458454,2.601634065076024e-05
2026-06-09,0.0294314363638416,1.988220143370147e-05,0.1318154331583243,2.8160471867540065e-05
2026-06-10,0.0291527124165102,1.7196778490998214e-05,0.1298539442511705,4.379639606394124e-05
2026-06-11,0.0307141070789003,2.797185291263724e-05,0.1307256814378958,6.668737695419553e-06
2026-06-12,0.0259855683147907,1.885960631573023e-05,0.132350094960286,2.7985874383882848e-05
2026-06-13,0.0297764328071007,2.036129809452037e-05,0.1323414605397444,-1.1860012329214862e-05
2026-06-14,0.0306079743929752,1.3717188367042033e-05,0.1324355908884452,5.35123585869042e-06
2026-06-15,0.0297471301117599,1.253131255136708e-05,0.1326325170695781,2.0090960203837508e-05
2026-06-16,0.0283139811952908,1.3818519110988264e-05,0.1319947335009391,5.535954329244869e-05
2026-06-17,0.0287936828179477,1.953842849272061e-05,0.1327442709069985,2.2422858026359567e-05
2026-06-18,0.0291098460819818,1.3105043347948578e-05,0.1325718654462924,1.1053696951164413e-05
2026-06-19,0.0294167216634377,2.0757886319321906e-05,0.1336048845488291,-1.2795516632860762e-05
2026-06-20,0.0298602007177411,2.97604979596362e-05,0.1345020000751202,-1.6224537759581364e-05
2026-06-21,0.0276986656187117,2.314512703683002e-05,0.1351917562003319,2.439042683214805e-06
2026-06-22,0.0263607777611638,2.048989011853876e-05,0.1340702214493201,-4.07088497890964e-06
2026-06-23,0.0274664834055497,1.6444223759636837e-05,0.1335410220715088,2.918768809922391e-05
2026-06-24,0.027862804610129,1.4041512928189251e-05,0.1340760867183025,-7.364795287358646e-06
2026-06-25,0.0266830934136099,1.6322673521547888e-05,0.1348335973918438,6.728079327250233e-06
2026-06-26,0.0269006177651013,2.5066737335112437e-05,0.1341091423653639,1.1373006894512557e-05
2026-06-27,0.030032033196813,3.0486859068774565e-05,0.1344449181969349,4.594940711111871e-07
2026-06-28,0.0272350508042357,2.528229069622779e-05,0.1350069348628704,-3.95449544451168e-05
2026-06-29,0.029752655085503,1.714656877509774e-05,0.132489318973743,-3.0471006125277308e-05
2026-06-30,0.0305003792304417,2.095488147062173e-05,0.1313258111476898,-1.1278023343743626e-05
2026-07-01,0.0314625409387406,1.795098461072831e-05,0.1335393289533945,-1.1136702589453762e-05
2026-07-02,0.0301378094473806,1.8150261683201408e-05,0.1330376418737264,3.0653870595323384e-05
2026-07-03,0.0319846611164393,3.297704802557396e-05,0.1343833600672391,-3.419809569585105e-06
2026-07-04,0.030843698086087,2.429052103396853e-05,0.1328193063919361,2.9626326085445515e-06
2026-07-05,0.0290728851734679,2.672481579273673e-05,0.1325696603036844,-2.3908942968007645e-05
2026-07-06,0.0308590150942886,3.9846884928741854e-05,0.1333167621149466,1.949751239243751e-05
2026-07-07,0.0301193134528735,3.667109012522054e-05,0.128799795359373,6.018994616852069e-05
2026-07-08,0.0313145772437093,3.0950866920616606e-05,0.1316465021899113,-1.5890626851775015e-05
2026-07-09,0.0309467966011328,2.06151644386154e-05,0.1332599703504257,-7.86994194738323e-06
2026-07-10,0.0307609555406533,1.8158831612948377e-05,0.1321819545557865,-5.8781235918723866e-05
2026-07-11,0.0301924037360926,1.988115275578041e-05,0.1330877555104402,3.2859156197611647e-05
2026-07-12,0.0297880959204014,1.7546378565443334e-05,0.1322482590491955,-5.689499994095589e-05
2026-07-13,0.0316441318893854,2.243004717221934e-05,0.1327557129928699,4.444067067029041e-05
2026-07-14,0.0300426033105222,1.575743083941978e-05,0.1327246021192807,1.1128857773329423e-06
2026-07-15,0.0301500724530533,1.863413089290034e-05,0.1342455600889829,3.182525594929495e-05
2026-07-16,0.0320413457711452,2.317681961836046e-05,0.131724109672583,-6.738018958895376e-06
2026-07-17,0.0319655926161727,2.893805653594575e-05,0.1322965417916958,-2.5704298362446328e-05
2026-07-18,0.0320842304335134,2.369726492880935e-05,0.1321901218249247,1.3201306361035185e-05
2026-07-19,0.0338102383441046,1.806789728456911e-05,0.1285701270286853,-4.075405700275171e-06
2026-07-20,0.0347912156046965,2.106210591922387e-05,0.1279389923008588,4.4656585946324325e-05
2026-07-21,0.0346085877290793,2.392345644693705e-05,0.1277750130456227,7.605399086113974e-06
2026-07-22,0.0342311890731597,3.205232897384158e-05,0.1301938552122849,-1.253499795304782e-05
2026-07-23,0.0325570296669422,4.562910876055578e-05,0.1311931257064525,6.686047248770558e-05
2026-07-24,0.0333524480601193,3.739538190715775e-05,0.1319444724573538,6.853545063561463e-05
2026-07-25,,2.7396281438996084e-05,0.1280024308515222,-2.882642068763878e-05
2026-07-26,0.029196828448524,3.033653691394041e-05,0.1298341907560825,-2.1991228611821297e-05
2026-07-27,0.031282752662176,3.1616565646991625e-05,0.1328870167525915,2.445166589950532e-05
2026-07-28,0.0315250790984936,2.583905661879271e-05,0.1348013063462881,1.1831237039636536e-05
2026-07-29,0.0328622832306121,3.027047830983065e-05,0.1311712894875269,7.68876009376236e-06
2026-07-30,0.030118032139452,3.5351306920583886e-05,0.1309178183285089,0.00011008291911419012
2026-07-31,0.0322258862409185,3.112674280950719e-05,0.1292504402880485,8.927401415978519e-05
2026-08-01,0.0389473587274551,,0.1278150061002144,-0.00022484739020001143
2026-08-02,,,0.1285258511511179,
2026-08-03,0.0345644753185972,2.628456106539312e-05,0.1283554890407965,4.777510024473022e-05
2026-08-04,0.0331722680712118,2.0012455574625317e-05,0.1292027773192295,5.171701084293545e-05
2026-08-05,0.03407263534365,1.985177495402185e-05,0.1301518621926124,-3.430555577823743e-05
2026-08-06,0.032409109082995,1.8573957497798852e-05,0.131706610493935,-1.7769694292826853e-05
2026-08-07,0.0332040494500563,2.57642975368712e-05,0.1303979085041926,-1.3289364188679618e-05
2026-08-08,0.0322460633014207,3.190345905882742e-05,0.130488680761594,3.974438381147495e-05
2026-08-09,0.0329142330715862,2.6905689569153207e-05,0.1293384742278319,4.687364542475664e-05
2026-08-10,0.0341913340374898,2.4348504023868115e-05,0.1304578069962707,-1.693501572137081e-05
2026-08-11,0.0336174832056622,2.6592119537680344e-05,0.1304249406434022,1.2782426560034348e-05
2026-08-12,0.0330321203741267,3.4431228694022415e-05,0.1266147059030258,-1.624178711445857e-05
2026-08-13,0.0339164970669804,3.208281794206494e-05,0.1270554959200895,8.186623933014696e-06
2026-08-14,0.035415339259765,2.612882248545897e-05,0.1287909483107236,9.019690220996452e-05
2026-08-15,0.0324598053662941,2.263201301199539e-05,0.1280206573697236,2.2855326656590968e-05
2026-08-16,0.03364954825561,1.760451507564269e-05,0.1299282499230825,3.218853993419135e-05
2026-08-17,0.034563106606188,2.3564837603061746e-05,0.130388160680349,2.7965852900201247e-05
2026-08-18,0.0330011760173686,1.862949631745521e-05,0.1310159804156193,-2.213646206428166e-05
2026-08-19,0.0325950971538467,1.446800722666975e-05,0.1296916023469888,-1.2325104505536096e-05
2026-08-20,0.0308312603755153,2.2943090243643383e-05,0.1294562297944839,4.366138798971184e-05
2026-08-21,0.0326854979189542,1.6845882637426257e-05,0.1281944656028197,-1.7806481648177595e-05
2026-08-22,0.0312042298686245,1.2196233131232606e-05,0.1291527644372903,-2.401101309343093e-05
2026-08-23,0.0335828186944127,1.7812004939928144e-05,0.1290764146699355,2.1033147909886043e-05
