date,feature_index,CO
2025-08-25T00:00:00.000Z,0,0.034114903731255974
2025-08-26T00:00:00.000Z,0,0.03300969183792864
2025-08-27T00:00:00.000Z,0,0.03489278819310526
2025-08-24T00:00:00.000Z,0,0.03265852387994528
2025-08-23T00:00:00.000Z,0,
2025-09-20T00:00:00.000Z,0,0.030368085609565318
2025-09-16T00:00:00.000Z,0,0.033978749257255726
2025-09-18T00:00:00.000Z,0,0.0311621411605493
2025-09-15T00:00:00.000Z,0,0.03495661166629621
2025-09-14T00:00:00.000Z,0,0.03102980171856673
2025-09-19T00:00:00.000Z,0,0.03393876782133126
2025-09-13T00:00:00.000Z,0,0.0301921266455983
2025-09-17T00:00:00.000Z,0,0.031395988031587704
2025-10-27T00:00:00.000Z,0,0.03618668537613348
2025-10-23T00:00:00.000Z,0,0.0338266956812096
2025-10-29T00:00:00.000Z,0,0.03544401684168564
2025-10-26T00:00:00.000Z,0,0.03857640254716932
2025-10-28T00:00:00.000Z,0,0.03869181863571468
2025-10-30T00:00:00.000Z,0,0.036104917988296625
2025-10-25T00:00:00.000Z,0,0.03837794279679656
2025-10-24T00:00:00.000Z,0,0.03510838289678629
2025-12-04T00:00:00.000Z,0,0.034167797480156456
2025-12-05T00:00:00.000Z,0,0.033091048470301795
2025-12-02T00:00:00.000Z,0,0.02971050038787664
2025-12-06T00:00:00.000Z,0,0.033387309583750635
2025-12-09T00:00:00.000Z,0,0.0314116561123745
2025-12-08T00:00:00.000Z,0,0.033129395335472586
2025-12-03T00:00:00.000Z,0,0.029773446496414103
2025-12-07T00:00:00.000Z,0,0.03339274727536001
2025-12-19T00:00:00.000Z,0,0.03499095711510542
2025-12-23T00:00:00.000Z,0,0.03445666479639524
2025-12-18T00:00:00.000Z,0,
2025-12-25T00:00:00.000Z,0,0.033368281275033954
2025-12-21T00:00:00.000Z,0,0.033746578368461795
2025-12-24T00:00:00.000Z,0,0.03394673640009748
2025-12-20T00:00:00.000Z,0,0.041229731092850365
2025-12-22T00:00:00.000Z,0,0.034018369630069996
2026-02-03T00:00:00.000Z,0,0.03537439697078968
2026-02-01T00:00:00.000Z,0,0.03369689642914109
2026-01-31T00:00:00.000Z,0,0.03422536143074626
2026-01-28T00:00:00.000Z,0,0.030856187631272607
2026-01-29T00:00:00.000Z,0,0.034990872123411725
2026-02-02T00:00:00.000Z,0,0.03536873775495527
2026-01-27T00:00:00.000Z,0,0.03199370111691656
2026-01-30T00:00:00.000Z,0,0.034563634613597835
2026-04-16T00:00:00.000Z,0,0.027553487399762325
2026-04-13T00:00:00.000Z,0,0.02966631921081562
2026-04-15T00:00:00.000Z,0,0.035734303295612335
2026-04-12T00:00:00.000Z,0,0.03271156352391277
2026-04-10T00:00:00.000Z,0,0.03646630634154592
2026-04-11T00:00:00.000Z,0,0.0323583351368729
2026-04-09T00:00:00.000Z,0,0.0359928088506595
2026-04-14T00:00:00.000Z,0,0.032567340828310906
2026-05-15T00:00:00.000Z,0,0.030449705798242053
2026-05-17T00:00:00.000Z,0,0.0316752883670635
2026-05-11T00:00:00.000Z,0,0.02764523631105056
2026-05-16T00:00:00.000Z,0,0.032494089017822365
2026-05-18T00:00:00.000Z,0,0.02972638198704112
2026-05-12T00:00:00.000Z,0,0.03145412428614994
2026-05-14T00:00:00.000Z,0,0.030837807694347356
2026-05-13T00:00:00.000Z,0,0.033167695773895396
2026-08-23T00:00:00.000Z,0,0.03358281869441271
2025-11-30T00:00:00.000Z,0,0.032959496007251315
2025-11-26T00:00:00.000Z,0,0.036651015281677246
2025-11-25T00:00:00.000Z,0,0.03529611074485662
2025-11-28T00:00:00.000Z,0,0.035783665812719724
2025-11-29T00:00:00.000Z,0,0.036244562661355256
2025-12-01T00:00:00.000Z,0,0.03088655157692053
2025-11-27T00:00:00.000Z,0,0.03871177831982694
2025-11-24T00:00:00.000Z,0,0.038333586583446176
2026-05-03T00:00:00.000Z,0,0.03181172418870673
2026-05-04T00:00:00.000Z,0,0.03237062398309134
2026-05-05T00:00:00.000Z,0,0.03719451671333912
2025-09-03T00:00:00.000Z,0,
2025-09-04T00:00:00.000Z,0,0.03309083122015
2025-09-02T00:00:00.000Z,0,0.03200596223799555
2025-08-29T00:00:00.000Z,0,0.03445327258071838
2025-08-30T00:00:00.000Z,0,0.038266235515475276
2025-08-28T00:00:00.000Z,0,0.030340262265367943
2025-08-31T00:00:00.000Z,0,0.03593426003821732
2025-09-01T00:00:00.000Z,0,0.03362828699628944
2026-03-19T00:00:00.000Z,0,0.03161747753620148
2026-03-16T00:00:00.000Z,0,0.03096850231775771
2026-03-21T00:00:00.000Z,0,0.03235013488305624
2026-03-22T00:00:00.000Z,0,0.03305333059787461
2026-03-23T00:00:00.000Z,0,0.031642995495847204
2026-03-20T00:00:00.000Z,0,0.034168355977920256
2026-03-17T00:00:00.000Z,0,0.03397930323601116
2026-03-18T00:00:00.000Z,0,0.035662959044685166
2026-05-21T00:00:00.000Z,0,0.029598556509098182
2026-05-19T00:00:00.000Z,0,0.029859497246689327
2026-05-23T00:00:00.000Z,0,
2026-05-25T00:00:00.000Z,0,0.03055744893067787
2026-05-26T00:00:00.000Z,0,0.03285660041821382
2026-05-20T00:00:00.000Z,0,0.029759247555448537
2026-05-22T00:00:00.000Z,0,0.031169745806650617
2026-05-24T00:00:00.000Z,0,0.030068886513679713
2025-10-11T00:00:00.000Z,0,0.031319489234132684
2025-10-12T00:00:00.000Z,0,0.03167959650897462
2025-10-14T00:00:00.000Z,0,0.031365675683759274
2025-10-09T00:00:00.000Z,0,0.03288596218977219
2025-10-13T00:00:00.000Z,0,0.032222281978592844
2025-10-10T00:00:00.000Z,0,0.03266253985559485
2025-10-07T00:00:00.000Z,0,0.03004030881468022
2025-10-08T00:00:00.000Z,0,0.029937669522310265
2026-04-21T00:00:00.000Z,0,0.03298034997116694
2026-04-20T00:00:00.000Z,0,0.03401442904557501
2026-04-19T00:00:00.000Z,0,0.029760144633446502
2026-04-22T00:00:00.000Z,0,0.030254203777428698
2026-04-18T00:00:00.000Z,0,0.02760340858451806
2026-04-24T00:00:00.000Z,0,0.03225510746985674
2026-04-23T00:00:00.000Z,0,0.030060111908824183
2025-11-20T00:00:00.000Z,0,0.037080429009877874
2025-11-19T00:00:00.000Z,0,0.034173638706928806
2025-11-17T00:00:00.000Z,0,0.03566858321849236
2025-11-22T00:00:00.000Z,0,0.045513081218676546
2025-11-23T00:00:00.000Z,0,0.037457227110280655
2025-11-18T00:00:00.000Z,0,0.03505344981033551
2025-11-21T00:00:00.000Z,0,0.04300742596387863
2025-11-16T00:00:00.000Z,0,0.03190496529559376
2026-05-02T00:00:00.000Z,0,0.03193626388520846
2026-04-26T00:00:00.000Z,0,0.02980562722818418
2026-04-25T00:00:00.000Z,0,0.030290447448825707
2026-05-01T00:00:00.000Z,0,0.03307439458227443
2026-04-27T00:00:00.000Z,0,0.03125761615529914
2026-04-29T00:00:00.000Z,0,0.032299751456165725
2026-04-30T00:00:00.000Z,0,0.03384596567674734
2026-04-28T00:00:00.000Z,0,0.030997409220830895
2026-08-16T00:00:00.000Z,0,0.033649548255610014
2026-08-21T00:00:00.000Z,0,0.03268549791895426
2026-08-18T00:00:00.000Z,0,0.03300117601736866
2026-08-15T00:00:00.000Z,0,0.032459805366294135
2026-08-19T00:00:00.000Z,0,0.03259509715384671
2026-08-22T00:00:00.000Z,0,0.031204229868624523
2026-08-17T00:00:00.000Z,0,0.03456310660618803
2026-08-20T00:00:00.000Z,0,0.03083126037551539
2026-05-08T00:00:00.000Z,0,0.03358055161458723
2026-05-06T00:00:00.000Z,0,0.037745450312892594
2026-05-10T00:00:00.000Z,0,0.033324502795642495
2026-05-07T00:00:00.000Z,0,0.032352334506896015
2026-05-09T00:00:00.000Z,0,0.0330587826255295
2025-11-06T00:00:00.000Z,0,0.03489545172872557
2025-11-03T00:00:00.000Z,0,0.029604003417919925
2025-11-05T00:00:00.000Z,0,0.030646826739006854
2025-10-31T00:00:00.000Z,0,0.04067584650910549
2025-11-02T00:00:00.000Z,0,0.03749998661717682
2025-11-04T00:00:00.000Z,0,0.030124053506359542
2025-11-07T00:00:00.000Z,0,0.03354751923504998
2025-11-01T00:00:00.000Z,0,0.047069648992927635
2026-01-03T00:00:00.000Z,0,0.03713045885775521
2026-01-04T00:00:00.000Z,0,0.03839317157950704
2026-01-06T00:00:00.000Z,0,0.034688863128020955
2026-01-10T00:00:00.000Z,0,0.03701353541661784
2026-01-07T00:00:00.000Z,0,0.03432087976809429
2026-01-08T00:00:00.000Z,0,0.03467628962049882
2026-01-05T00:00:00.000Z,0,0.04157131793628256
2026-01-09T00:00:00.000Z,0,0.03236728156068055
2026-06-06T00:00:00.000Z,0,0.02874227395778396
2026-06-11T00:00:00.000Z,0,0.0307141070789003
2026-06-05T00:00:00.000Z,0,0.028183625645614697
2026-06-07T00:00:00.000Z,0,0.03021087481507233
2026-06-10T00:00:00.000Z,0,0.02915271241651025
2026-06-09T00:00:00.000Z,0,0.0294314363638416
2026-06-08T00:00:00.000Z,0,0.029310451361995477
2026-06-04T00:00:00.000Z,0,0.029448639109267472
2025-11-10T00:00:00.000Z,0,0.03191078240273609
2025-11-14T00:00:00.000Z,0,0.03080403964882821
2025-11-12T00:00:00.000Z,0,0.03126902475712761
2025-11-08T00:00:00.000Z,0,0.028914181703010446
2025-11-09T00:00:00.000Z,0,0.028348632122982633
2025-11-13T00:00:00.000Z,0,0.03110656596107196
2025-11-11T00:00:00.000Z,0,0.03441084717901854
2025-11-15T00:00:00.000Z,0,0.032571238678191665
2026-04-06T00:00:00.000Z,0,0.03210486277627448
2026-04-02T00:00:00.000Z,0,0.023773783621819394
2026-04-05T00:00:00.000Z,0,0.030148277081638933
2026-04-04T00:00:00.000Z,0,0.03155741613229801
2026-04-08T00:00:00.000Z,0,0.0371516535093111
2026-04-01T00:00:00.000Z,0,0.029444869883282453
2026-04-03T00:00:00.000Z,0,0.02955768928110886
2026-04-07T00:00:00.000Z,0,0.03361880851491374
2026-03-08T00:00:00.000Z,0,0.029317679457366467
2026-03-09T00:00:00.000Z,0,0.03581053408656697
2026-03-12T00:00:00.000Z,0,0.029408429719267354
2026-03-10T00:00:00.000Z,0,0.035264420460482115
2026-03-13T00:00:00.000Z,0,0.035449600620755084
2026-03-15T00:00:00.000Z,0,0.02974795845682632
2026-03-11T00:00:00.000Z,0,0.02959743903690501
2026-03-14T00:00:00.000Z,0,0.03352221829647368
2026-04-17T00:00:00.000Z,0,0.02845518214644881
2026-08-10T00:00:00.000Z,0,0.0341913340374898
2026-08-07T00:00:00.000Z,0,0.033204049450056304
2026-08-09T00:00:00.000Z,0,0.03291423307158626
2026-08-08T00:00:00.000Z,0,0.03224606330142073
2026-08-13T00:00:00.000Z,0,0.03391649706698045
2026-08-12T00:00:00.000Z,0,0.0330321203741267
2026-08-11T00:00:00.000Z,0,0.03361748320566229
2026-08-14T00:00:00.000Z,0,0.03541533925976509
2025-09-08T00:00:00.000Z,0,0.03267297856509686
2025-09-10T00:00:00.000Z,0,0.02962107094625632
2025-09-12T00:00:00.000Z,0,0.03214525384461786
2025-09-11T00:00:00.000Z,0,0.030788034811371663
2025-09-06T00:00:00.000Z,0,0.033165335858821386
2025-09-07T00:00:00.000Z,0,0.03418933257460594
2025-09-09T00:00:00.000Z,0,
2025-09-05T00:00:00.000Z,0,0.03549294745268887
2025-09-25T00:00:00.000Z,0,0.030190445227725876
2025-09-27T00:00:00.000Z,0,0.03131716102898981
2025-09-23T00:00:00.000Z,0,0.030174895124116415
2025-09-24T00:00:00.000Z,0,0.0290784328861768
2025-09-21T00:00:00.000Z,0,0.02998123491021592
2025-09-22T00:00:00.000Z,0,0.029952630555878084
2025-09-28T00:00:00.000Z,0,0.033347867231890066
2025-09-26T00:00:00.000Z,0,0.031266949162474404
2026-01-01T00:00:00.000Z,0,0.03146114964236287
2025-12-29T00:00:00.000Z,0,0.041809031901332
2026-01-02T00:00:00.000Z,0,0.035764188537102067
2025-12-28T00:00:00.000Z,0,0.03665209612717815
2025-12-30T00:00:00.000Z,0,0.03804116940498352
2025-12-31T00:00:00.000Z,0,0.030306376201116432
2025-12-26T00:00:00.000Z,0,0.034687045247179187
2025-12-27T00:00:00.000Z,0,0.03498313208571174
2026-01-23T00:00:00.000Z,0,0.038507657758529906
2026-01-25T00:00:00.000Z,0,0.03299723729265459
2026-01-19T00:00:00.000Z,0,0.029085213997105296
2026-01-21T00:00:00.000Z,0,0.03648008901673632
2026-01-22T00:00:00.000Z,0,0.029164149600546807
2026-01-26T00:00:00.000Z,0,0.03448825028653328
2026-01-20T00:00:00.000Z,0,0.031301654065432755
2026-01-24T00:00:00.000Z,0,
2025-12-15T00:00:00.000Z,0,0.038102924823760986
2025-12-10T00:00:00.000Z,0,0.03153664371705948
2025-12-16T00:00:00.000Z,0,0.03728607319986697
2025-12-17T00:00:00.000Z,0,0.03992371874429831
2025-12-12T00:00:00.000Z,0,0.03350469967117533
2025-12-13T00:00:00.000Z,0,0.03125881996888473
2025-12-11T00:00:00.000Z,0,0.03067286650876741
2025-12-14T00:00:00.000Z,0,0.03920958074563332
2026-07-09T00:00:00.000Z,0,0.03094679660113283
2026-07-10T00:00:00.000Z,0,0.030760955540653393
2026-07-07T00:00:00.000Z,0,0.0301193134528735
2026-07-08T00:00:00.000Z,0,0.03131457724370937
2026-07-11T00:00:00.000Z,0,0.030192403736092697
2026-07-13T00:00:00.000Z,0,0.03164413188938546
2026-07-06T00:00:00.000Z,0,0.030859015094288646
2026-07-12T00:00:00.000Z,0,0.02978809592040146
2026-07-31T00:00:00.000Z,0,0.032225886240918586
2026-08-01T00:00:00.000Z,0,0.03894735872745514
2026-08-06T00:00:00.000Z,0,0.032409109082995075
2026-07-30T00:00:00.000Z,0,0.030118032139452064
2026-08-04T00:00:00.000Z,0,0.033172268071211874
2026-08-05T00:00:00.000Z,0,0.03407263534365
2026-08-02T00:00:00.000Z,0,
2026-08-03T00:00:00.000Z,0,0.03456447531859721
2025-09-30T00:00:00.000Z,0,0.03369150688605649
2025-10-01T00:00:00.000Z,0,0.03479790251147895
2025-10-02T00:00:00.000Z,0,0.03234073970375991
2025-10-06T00:00:00.000Z,0,0.02920968862823569
2025-10-04T00:00:00.000Z,0,0.032358719304633826
2025-10-03T00:00:00.000Z,0,0.02930016988622291
2025-10-05T00:00:00.000Z,0,0.03250835914795677
2025-09-29T00:00:00.000Z,0,
2026-02-14T00:00:00.000Z,0,0.03616518913681463
2026-02-13T00:00:00.000Z,0,0.034629486612088624
2026-02-16T00:00:00.000Z,0,0.029543545205405978
2026-02-19T00:00:00.000Z,0,0.03897167092189193
2026-02-18T00:00:00.000Z,0,0.040243278843937094
2026-02-15T00:00:00.000Z,0,0.03666136683066293
2026-02-12T00:00:00.000Z,0,0.03728629940367759
2026-02-17T00:00:00.000Z,0,0.02852454694473873
2026-02-25T00:00:00.000Z,0,0.045572136083374855
2026-02-23T00:00:00.000Z,0,0.0342897458590175
2026-02-24T00:00:00.000Z,0,0.04058638262665934
2026-02-26T00:00:00.000Z,0,0.04171181490851773
2026-02-22T00:00:00.000Z,0,0.033820038845227
2026-02-21T00:00:00.000Z,0,0.039482234364346516
2026-02-20T00:00:00.000Z,0,0.037072660873333614
2026-02-27T00:00:00.000Z,0,0.03390764097069822
2026-03-03T00:00:00.000Z,0,0.036303316271214775
2026-03-05T00:00:00.000Z,0,0.03002803717531915
2026-03-06T00:00:00.000Z,0,0.030260776004298426
2026-03-02T00:00:00.000Z,0,0.033956460833633684
2026-03-01T00:00:00.000Z,0,0.03126550446215429
2026-03-04T00:00:00.000Z,0,0.031033570436224088
2026-02-28T00:00:00.000Z,0,0.03312472498808534
2026-03-07T00:00:00.000Z,0,0.03333228594127381
2026-06-03T00:00:00.000Z,0,0.029759201258420943
2026-05-29T00:00:00.000Z,0,0.03051009080755762
2026-06-02T00:00:00.000Z,0,0.032411054331099705
2026-06-01T00:00:00.000Z,0,0.029955232023911656
2026-05-30T00:00:00.000Z,0,0.02784559171536804
2026-05-28T00:00:00.000Z,0,0.029575971162153616
2026-05-27T00:00:00.000Z,0,0.028901847801646407
2026-05-31T00:00:00.000Z,0,0.028634946320492488
2026-06-13T00:00:00.000Z,0,0.029776432807100753
2026-06-16T00:00:00.000Z,0,0.028313981195290883
2026-06-15T00:00:00.000Z,0,0.02974713011175994
2026-06-19T00:00:00.000Z,0,0.029416721663437784
2026-06-18T00:00:00.000Z,0,0.029109846081981805
2026-06-14T00:00:00.000Z,0,0.03060797439297525
2026-06-17T00:00:00.000Z,0,0.028793682817947763
2026-06-12T00:00:00.000Z,0,0.025985568314790725
2026-01-17T00:00:00.000Z,0,0.030238172311191906
2026-01-15T00:00:00.000Z,0,0.030311522547874534
2026-01-11T00:00:00.000Z,0,0.034747412720961234
2026-01-14T00:00:00.000Z,0,0.03424639934673905
2026-01-13T00:00:00.000Z,0,0.03754284735256379
2026-01-16T00:00:00.000Z,0,0.029926779056224255
2026-01-18T00:00:00.000Z,0,0.03383758311958912
2026-01-12T00:00:00.000Z,0,0.03444796360175436
2026-07-02T00:00:00.000Z,0,0.030137809447380676
2026-07-04T00:00:00.000Z,0,0.030843698086087095
2026-07-03T00:00:00.000Z,0,0.031984661116439383
2026-07-01T00:00:00.000Z,0,0.031462540938740687
2026-06-29T00:00:00.000Z,0,0.02975265508550301
2026-06-30T00:00:00.000Z,0,0.03050037923044172
2026-07-05T00:00:00.000Z,0,0.02907288517346796
2026-06-28T00:00:00.000Z,0,0.02723505080423572
2026-02-04T00:00:00.000Z,0,0.031067820575009
2026-02-05T00:00:00.000Z,0,0.0344961266964674
2026-02-11T00:00:00.000Z,0,0.04117781338432143
2026-02-06T00:00:00.000Z,0,0.03953158078630539
2026-02-09T00:00:00.000Z,0,0.03236839326626477
2026-02-07T00:00:00.000Z,0,0.035901989436195214
2026-02-08T00:00:00.000Z,0,0.03737116714076298
2026-02-10T00:00:00.000Z,0,0.038362190187136755
2026-07-28T00:00:00.000Z,0,0.03152507909849369
2026-07-24T00:00:00.000Z,0,0.0333524480601193
2026-07-25T00:00:00.000Z,0,
2026-07-26T00:00:00.000Z,0,0.029196828448524077
2026-07-22T00:00:00.000Z,0,0.03423118907315978
2026-07-29T00:00:00.000Z,0,0.03286228323061215
2026-07-23T00:00:00.000Z,0,0.03255702966694222
2026-07-27T00:00:00.000Z,0,0.03128275266217609
2025-10-18T00:00:00.000Z,0,0.032575238168052155
2025-10-19T00:00:00.000Z,0,0.0338499564350697
2025-10-22T00:00:00.000Z,0,0.038186289583806134
2025-10-16T00:00:00.000Z,0,0.0365015199141843
2025-10-20T00:00:00.000Z,0,0.03740577716707138
2025-10-15T00:00:00.000Z,0,0.03129175423699267
2025-10-21T00:00:00.000Z,0,
2025-10-17T00:00:00.000Z,0,0.03283699641200765
2026-03-26T00:00:00.000Z,0,0.03122892052410765
2026-03-30T00:00:00.000Z,0,0.029354042741583614
2026-03-24T00:00:00.000Z,0,0.023593565449118614
2026-03-31T00:00:00.000Z,0,0.03119372480630296
2026-03-28T00:00:00.000Z,0,0.031179784797132015
2026-03-27T00:00:00.000Z,0,0.030914683729924005
2026-03-25T00:00:00.000Z,0,0.03231056902338477
2026-03-29T00:00:00.000Z,0,0.03187279176810828
2026-07-21T00:00:00.000Z,0,0.03460858772907938
2026-07-15T00:00:00.000Z,0,0.030150072453053373
2026-07-20T00:00:00.000Z,0,0.034791215604696515
2026-07-17T00:00:00.000Z,0,0.031965592616172725
2026-07-16T00:00:00.000Z,0,0.0320413457711452
2026-07-14T00:00:00.000Z,0,0.030042603310522203
2026-07-19T00:00:00.000Z,0,0.03381023834410467
2026-07-18T00:00:00.000Z,0,0.03208423043351348
2026-06-22T00:00:00.000Z,0,0.026360777761163877
2026-06-26T00:00:00.000Z,0,0.02690061776510139
2026-06-20T00:00:00.000Z,0,0.02986020071774113
2026-06-21T00:00:00.000Z,0,0.02769866561871176
2026-06-27T00:00:00.000Z,0,0.03003203319681306
2026-06-23T00:00:00.000Z,0,0.02746648340554977
2026-06-24T00:00:00.000Z,0,0.027862804610129088
2026-06-25T00:00:00.000Z,0,0.02668309341360991
