date,feature_index,NO2
2026-03-03T00:00:00.000Z,0,5.388364936467896E-5
2026-03-05T00:00:00.000Z,0,2.7458321919154444E-5
2026-03-06T00:00:00.000Z,0,2.803966685893154E-5
2026-03-02T00:00:00.000Z,0,6.41027761065953E-5
2026-03-01T00:00:00.000Z,0,3.253467464743993E-5
2026-03-04T00:00:00.000Z,0,3.354619794568346E-5
2026-02-28T00:00:00.000Z,0,3.829107724081601E-5
2026-03-07T00:00:00.000Z,0,5.43654137415545E-5
2026-07-21T00:00:00.000Z,0,2.3923456446937052E-5
2026-07-15T00:00:00.000Z,0,1.863413089290034E-5
2026-07-20T00:00:00.000Z,0,2.106210591922387E-5
2026-07-17T00:00:00.000Z,0,2.893805653594575E-5
2026-07-16T00:00:00.000Z,0,2.317681961836046E-5
2026-07-14T00:00:00.000Z,0,1.575743083941978E-5
2026-07-19T00:00:00.000Z,0,1.806789728456911E-5
2026-07-18T00:00:00.000Z,0,2.369726492880935E-5
2025-10-11T00:00:00.000Z,0,3.643354888639104E-5
2025-10-12T00:00:00.000Z,0,5.244428160110076E-5
2025-10-14T00:00:00.000Z,0,5.995151308735121E-5
2025-10-09T00:00:00.000Z,0,5.488086529532246E-5
2025-10-13T00:00:00.000Z,0,4.708296898320441E-5
2025-10-10T00:00:00.000Z,0,3.525060600895813E-5
2025-10-07T00:00:00.000Z,0,6.0845302982670546E-5
2025-10-08T00:00:00.000Z,0,6.74063343117618E-5
2025-11-30T00:00:00.000Z,0,3.962973749502488E-5
2025-11-26T00:00:00.000Z,0,6.647155489470326E-5
2025-11-25T00:00:00.000Z,0,4.591875347859269E-5
2025-11-28T00:00:00.000Z,0,3.395918886851107E-5
2025-11-29T00:00:00.000Z,0,5.0335363891043435E-5
2025-12-01T00:00:00.000Z,0,6.235431099351164E-5
2025-11-27T00:00:00.000Z,0,3.174294840287299E-5
2025-11-24T00:00:00.000Z,0,6.760769526713135E-5
2026-02-04T00:00:00.000Z,0,5.2087194182184666E-5
2026-02-05T00:00:00.000Z,0,5.2078397098179824E-5
2026-02-11T00:00:00.000Z,0,3.597831987288093E-5
2026-02-06T00:00:00.000Z,0,8.512443196020915E-5
2026-02-09T00:00:00.000Z,0,3.1799159650675463E-5
2026-02-07T00:00:00.000Z,0,1.1467821372417138E-4
2026-02-08T00:00:00.000Z,0,1.2580890741166793E-4
2026-02-10T00:00:00.000Z,0,3.757531787216437E-5
2026-06-13T00:00:00.000Z,0,2.036129809452037E-5
2026-06-16T00:00:00.000Z,0,1.3818519110988264E-5
2026-06-15T00:00:00.000Z,0,1.253131255136708E-5
2026-06-19T00:00:00.000Z,0,2.0757886319321906E-5
2026-06-18T00:00:00.000Z,0,1.3105043347948578E-5
2026-06-14T00:00:00.000Z,0,1.3717188367042031E-5
2026-06-17T00:00:00.000Z,0,1.953842849272061E-5
2026-06-12T00:00:00.000Z,0,1.885960631573023E-5
2025-09-20T00:00:00.000Z,0,2.4834545475230648E-5
2025-09-16T00:00:00.000Z,0,1.6532817733150294E-5
2025-09-18T00:00:00.000Z,0,2.4822415997721094E-5
2025-09-15T00:00:00.000Z,0,1.6964228468924672E-5
2025-09-14T00:00:00.000Z,0,2.5944945817965134E-5
2025-09-19T00:00:00.000Z,0,2.114524629024966E-5
2025-09-13T00:00:00.000Z,0,2.6121484698806955E-5
2025-09-17T00:00:00.000Z,0,2.6484843853527957E-5
2025-11-20T00:00:00.000Z,0,9.135248968644961E-5
2025-11-19T00:00:00.000Z,0,7.625202968892626E-5
2025-11-17T00:00:00.000Z,0,8.655205671787441E-5
2025-11-22T00:00:00.000Z,0,8.966586794262919E-5
2025-11-23T00:00:00.000Z,0,7.63357291851627E-5
2025-11-18T00:00:00.000Z,0,6.54021049474916E-5
2025-11-21T00:00:00.000Z,0,8.041630123723455E-5
2025-11-16T00:00:00.000Z,0,5.75409527685294E-5
2026-07-09T00:00:00.000Z,0,2.0615164438615402E-5
2026-07-10T00:00:00.000Z,0,1.8158831612948377E-5
2026-07-07T00:00:00.000Z,0,3.667109012522054E-5
2026-07-08T00:00:00.000Z,0,3.0950866920616606E-5
2026-07-11T00:00:00.000Z,0,1.988115275578041E-5
2026-07-13T00:00:00.000Z,0,2.243004717221934E-5
2026-07-06T00:00:00.000Z,0,3.9846884928741854E-5
2026-07-12T00:00:00.000Z,0,1.7546378565443334E-5
2026-03-19T00:00:00.000Z,0,3.165976780090862E-5
2026-03-16T00:00:00.000Z,0,3.961825795718491E-5
2026-03-21T00:00:00.000Z,0,3.548209056427896E-5
2026-03-22T00:00:00.000Z,0,3.579924401782996E-5
2026-03-23T00:00:00.000Z,0,3.805856460052477E-5
2026-03-20T00:00:00.000Z,0,3.797450131978272E-5
2026-03-17T00:00:00.000Z,0,6.671696215265071E-5
2026-03-18T00:00:00.000Z,0,9.798516783540926E-5
2026-01-17T00:00:00.000Z,0,5.2823422935938854E-5
2026-01-15T00:00:00.000Z,0,4.333793480329772E-5
2026-01-11T00:00:00.000Z,0,6.700525304337973E-5
2026-01-14T00:00:00.000Z,0,1.0152646572954522E-4
2026-01-13T00:00:00.000Z,0,8.375979764434993E-5
2026-01-16T00:00:00.000Z,0,3.145751244362474E-5
2026-01-18T00:00:00.000Z,0,7.68385764063387E-5
2026-01-12T00:00:00.000Z,0,1.0002583452127021E-4
2025-09-03T00:00:00.000Z,0,3.372916547819981E-5
2025-09-04T00:00:00.000Z,0,3.4794518839145556E-5
2025-09-02T00:00:00.000Z,0,2.2689332269822315E-5
2025-08-29T00:00:00.000Z,0,2.6229427409031235E-5
2025-08-30T00:00:00.000Z,0,3.460532828704835E-5
2025-08-28T00:00:00.000Z,0,2.6150731740087325E-5
2025-08-31T00:00:00.000Z,0,2.219049561428891E-5
2025-09-01T00:00:00.000Z,0,1.479916821923465E-5
2026-05-02T00:00:00.000Z,0,2.3709517766362228E-5
2026-04-26T00:00:00.000Z,0,2.182063291054594E-5
2026-04-25T00:00:00.000Z,0,2.9667150451692018E-5
2026-05-01T00:00:00.000Z,0,1.7674467434024823E-5
2026-04-27T00:00:00.000Z,0,2.4762002479405964E-5
2026-04-29T00:00:00.000Z,0,3.54226142644183E-5
2026-04-30T00:00:00.000Z,0,2.7813805362396895E-5
2026-04-28T00:00:00.000Z,0,3.0086903913028296E-5
2026-08-10T00:00:00.000Z,0,2.4348504023868115E-5
2026-08-07T00:00:00.000Z,0,2.5764297536871198E-5
2026-08-09T00:00:00.000Z,0,2.6905689569153207E-5
2026-08-08T00:00:00.000Z,0,3.190345905882742E-5
2026-08-13T00:00:00.000Z,0,3.208281794206494E-5
2026-08-12T00:00:00.000Z,0,3.4431228694022415E-5
2026-08-11T00:00:00.000Z,0,2.6592119537680344E-5
2026-08-14T00:00:00.000Z,0,2.612882248545897E-5
2025-10-18T00:00:00.000Z,0,7.619719028578122E-5
2025-10-19T00:00:00.000Z,0,5.172796423511709E-5
2025-10-22T00:00:00.000Z,0,5.0943554497979884E-5
2025-10-16T00:00:00.000Z,0,6.943368795103967E-5
2025-10-20T00:00:00.000Z,0,7.00416256677272E-5
2025-10-15T00:00:00.000Z,0,5.699608624966529E-5
2025-10-21T00:00:00.000Z,0,6.661935303082618E-5
2025-10-17T00:00:00.000Z,0,6.434314155880061E-5
2026-06-22T00:00:00.000Z,0,2.048989011853876E-5
2026-06-26T00:00:00.000Z,0,2.5066737335112434E-5
2026-06-20T00:00:00.000Z,0,2.97604979596362E-5
2026-06-21T00:00:00.000Z,0,2.314512703683002E-5
2026-06-27T00:00:00.000Z,0,3.0486859068774565E-5
2026-06-23T00:00:00.000Z,0,1.6444223759636837E-5
2026-06-24T00:00:00.000Z,0,1.4041512928189251E-5
2026-06-25T00:00:00.000Z,0,1.6322673521547888E-5
2026-03-26T00:00:00.000Z,0,2.1403762785118155E-5
2026-03-30T00:00:00.000Z,0,2.4796156914747442E-5
2026-03-24T00:00:00.000Z,0,4.10312678093974E-5
2026-03-31T00:00:00.000Z,0,2.5202294945177128E-5
2026-03-28T00:00:00.000Z,0,1.613375153096229E-5
2026-03-27T00:00:00.000Z,0,4.084854849679686E-5
2026-03-25T00:00:00.000Z,0,1.6548030760128824E-5
2026-03-29T00:00:00.000Z,0,1.6937687943342237E-5
2026-08-16T00:00:00.000Z,0,1.760451507564269E-5
2026-08-21T00:00:00.000Z,0,1.6845882637426257E-5
2026-08-18T00:00:00.000Z,0,1.862949631745521E-5
2026-08-15T00:00:00.000Z,0,2.263201301199539E-5
2026-08-19T00:00:00.000Z,0,1.446800722666975E-5
2026-08-22T00:00:00.000Z,0,1.2196233131232606E-5
2026-08-17T00:00:00.000Z,0,2.3564837603061746E-5
2026-08-20T00:00:00.000Z,0,2.2943090243643383E-5
2025-10-27T00:00:00.000Z,0,4.6294629475176825E-5
2025-10-23T00:00:00.000Z,0,7.885682187826695E-5
2025-10-29T00:00:00.000Z,0,3.878043653807813E-5
2025-10-26T00:00:00.000Z,0,4.609158285766699E-5
2025-10-28T00:00:00.000Z,0,4.023345149667316E-5
2025-10-30T00:00:00.000Z,0,3.780464206171858E-5
2025-10-25T00:00:00.000Z,0,8.172665683769782E-5
2025-10-24T00:00:00.000Z,0,9.057481900946676E-5
2026-05-21T00:00:00.000Z,0,2.643531991959837E-5
2026-05-19T00:00:00.000Z,0,2.1932181360066002E-5
2026-05-23T00:00:00.000Z,0,
2026-05-25T00:00:00.000Z,0,2.973938094425087E-5
2026-05-26T00:00:00.000Z,0,2.7434211246631897E-5
2026-05-20T00:00:00.000Z,0,2.7576230255240613E-5
2026-05-22T00:00:00.000Z,0,2.1016907509597584E-5
2026-05-24T00:00:00.000Z,0,2.2965084812872543E-5
2026-04-16T00:00:00.000Z,0,1.7066366763788826E-5
2026-04-13T00:00:00.000Z,0,3.4475981424993036E-5
2026-04-15T00:00:00.000Z,0,3.5199183151528855E-5
2026-04-12T00:00:00.000Z,0,7.32649540833126E-5
2026-04-10T00:00:00.000Z,0,4.4758810240838E-5
2026-04-11T00:00:00.000Z,0,3.2559211627450133E-5
2026-04-09T00:00:00.000Z,0,5.973692655411119E-5
2026-04-14T00:00:00.000Z,0,4.102716140655852E-5
2025-09-08T00:00:00.000Z,0,1.800608697521966E-5
2025-09-10T00:00:00.000Z,0,1.4554604301035093E-5
2025-09-12T00:00:00.000Z,0,2.523082804373189E-5
2025-09-11T00:00:00.000Z,0,2.0444634628802305E-5
2025-09-06T00:00:00.000Z,0,3.637467725197139E-5
2025-09-07T00:00:00.000Z,0,3.080876339564301E-5
2025-09-09T00:00:00.000Z,0,
2025-09-05T00:00:00.000Z,0,4.007891133952717E-5
2026-05-08T00:00:00.000Z,0,3.496375509957243E-5
2026-05-06T00:00:00.000Z,0,4.4807553157348275E-5
2026-05-10T00:00:00.000Z,0,1.8768027220626385E-5
2026-05-03T00:00:00.000Z,0,3.955043612922264E-5
2026-05-07T00:00:00.000Z,0,2.5673606760042627E-5
2026-05-09T00:00:00.000Z,0,3.2643223724121E-5
2026-05-04T00:00:00.000Z,0,4.968677471047707E-5
2026-05-05T00:00:00.000Z,0,5.687575256580693E-5
2026-01-03T00:00:00.000Z,0,1.1591982249521087E-4
2026-01-04T00:00:00.000Z,0,1.0083176044785292E-4
2026-01-06T00:00:00.000Z,0,6.479721415556784E-5
2026-01-10T00:00:00.000Z,0,6.335686652636678E-5
2026-01-07T00:00:00.000Z,0,6.001005643226493E-5
2026-01-08T00:00:00.000Z,0,4.716008835692684E-5
2026-01-05T00:00:00.000Z,0,7.2779495054144E-5
2026-01-09T00:00:00.000Z,0,6.692125262606379E-5
2025-11-10T00:00:00.000Z,0,6.391818540648203E-5
2025-11-14T00:00:00.000Z,0,6.80494690623863E-5
2025-11-12T00:00:00.000Z,0,5.557444991819256E-5
2025-11-08T00:00:00.000Z,0,4.8951760410231004E-5
2025-11-09T00:00:00.000Z,0,6.745825188458044E-5
2025-11-13T00:00:00.000Z,0,7.923299562063856E-5
2025-11-11T00:00:00.000Z,0,7.530598901549325E-5
2025-11-15T00:00:00.000Z,0,9.519051332762711E-5
2026-02-03T00:00:00.000Z,0,7.773688494847438E-5
2026-02-01T00:00:00.000Z,0,8.96394182151338E-5
2026-01-31T00:00:00.000Z,0,7.93530268730627E-5
2026-01-28T00:00:00.000Z,0,1.0746748065195368E-4
2026-01-29T00:00:00.000Z,0,6.0393637542564764E-5
2026-02-02T00:00:00.000Z,0,5.992613521007465E-5
2026-01-27T00:00:00.000Z,0,6.386462436274507E-5
2026-01-30T00:00:00.000Z,0,4.861941262056661E-5
2026-06-06T00:00:00.000Z,0,2.249889877073376E-5
2026-06-11T00:00:00.000Z,0,2.7971852912637236E-5
2026-06-05T00:00:00.000Z,0,2.350608010219032E-5
2026-06-07T00:00:00.000Z,0,1.7059761996431608E-5
2026-06-10T00:00:00.000Z,0,1.7196778490998214E-5
2026-06-09T00:00:00.000Z,0,1.988220143370147E-5
2026-06-08T00:00:00.000Z,0,1.8041787069040976E-5
2026-06-04T00:00:00.000Z,0,2.057687395654284E-5
2025-12-19T00:00:00.000Z,0,4.517414824100832E-5
2025-12-23T00:00:00.000Z,0,4.282708636432849E-5
2025-12-18T00:00:00.000Z,0,1.1045665945061956E-4
2025-12-25T00:00:00.000Z,0,1.2094101505257864E-4
2025-12-21T00:00:00.000Z,0,5.737060228834072E-5
2025-12-24T00:00:00.000Z,0,8.022152993677222E-5
2025-12-20T00:00:00.000Z,0,1.0769772106126469E-4
2025-12-22T00:00:00.000Z,0,8.443057089642444E-5
2026-03-08T00:00:00.000Z,0,4.5238856528857676E-5
2026-03-09T00:00:00.000Z,0,3.5227143479670094E-5
2026-03-12T00:00:00.000Z,0,4.902404973388632E-5
2026-03-10T00:00:00.000Z,0,3.008979614247227E-5
2026-03-13T00:00:00.000Z,0,7.831619344730055E-5
2026-03-15T00:00:00.000Z,0,3.3394991630932335E-5
2026-03-11T00:00:00.000Z,0,3.5550951569208477E-5
2026-03-14T00:00:00.000Z,0,3.3532862926222154E-5
2026-04-21T00:00:00.000Z,0,3.164650680236474E-5
2026-04-20T00:00:00.000Z,0,4.015594865832677E-5
2026-04-19T00:00:00.000Z,0,3.999056953734208E-5
2026-04-22T00:00:00.000Z,0,3.118306393529425E-5
2026-04-18T00:00:00.000Z,0,3.5844822002673026E-5
2026-04-17T00:00:00.000Z,0,2.9636744323642443E-5
2026-04-24T00:00:00.000Z,0,3.2180653227862E-5
2026-04-23T00:00:00.000Z,0,3.672644372552615E-5
2025-08-25T00:00:00.000Z,0,3.086647092197069E-5
2025-08-26T00:00:00.000Z,0,2.8233759168969942E-5
2025-08-27T00:00:00.000Z,0,1.978331212574796E-5
2025-08-24T00:00:00.000Z,0,1.7166756103841563E-5
2025-08-23T00:00:00.000Z,0,
2026-01-01T00:00:00.000Z,0,6.660027136674146E-5
2025-12-29T00:00:00.000Z,0,6.639942558106873E-5
2026-01-02T00:00:00.000Z,0,7.052819151935043E-5
2025-12-28T00:00:00.000Z,0,1.0072249726439016E-4
2025-12-30T00:00:00.000Z,0,2.906231369391977E-5
2025-12-31T00:00:00.000Z,0,4.384333241992303E-5
2025-12-26T00:00:00.000Z,0,1.1434451938923907E-4
2025-12-27T00:00:00.000Z,0,7.923663088149624E-5
2026-05-15T00:00:00.000Z,0,2.9928920502852153E-5
2026-05-17T00:00:00.000Z,0,2.0954261920472015E-5
2026-05-11T00:00:00.000Z,0,1.990105034738441E-5
2026-05-16T00:00:00.000Z,0,3.084901819385358E-5
2026-05-18T00:00:00.000Z,0,2.086770351358889E-5
2026-05-12T00:00:00.000Z,0,2.6400514381591095E-5
2026-05-14T00:00:00.000Z,0,2.838400420684523E-5
2026-05-13T00:00:00.000Z,0,2.185261679852164E-5
2026-08-23T00:00:00.000Z,0,1.7812004939928144E-5
2025-09-30T00:00:00.000Z,0,3.697615601826084E-5
2025-10-01T00:00:00.000Z,0,3.92095016612691E-5
2025-10-02T00:00:00.000Z,0,2.9742373034589666E-5
2025-10-06T00:00:00.000Z,0,3.1196679576448965E-5
2025-10-04T00:00:00.000Z,0,3.134320591818644E-5
2025-10-03T00:00:00.000Z,0,1.9507507886373787E-5
2025-10-05T00:00:00.000Z,0,1.918660128607231E-5
2025-09-29T00:00:00.000Z,0,3.0025605315530445E-5
2025-12-04T00:00:00.000Z,0,6.527444799863028E-5
2025-12-05T00:00:00.000Z,0,9.360869125251052E-5
2025-12-02T00:00:00.000Z,0,9.003727008908195E-5
2025-12-06T00:00:00.000Z,0,6.0018542151585744E-5
2025-12-09T00:00:00.000Z,0,1.0585084583174019E-4
2025-12-08T00:00:00.000Z,0,7.05802577823096E-5
2025-12-03T00:00:00.000Z,0,5.0990608344119E-5
2025-12-07T00:00:00.000Z,0,5.729547668712106E-5
2026-02-14T00:00:00.000Z,0,9.967053536876427E-5
2026-02-13T00:00:00.000Z,0,1.0461550388859345E-4
2026-02-16T00:00:00.000Z,0,2.8991188122948284E-5
2026-02-19T00:00:00.000Z,0,5.937196561157739E-5
2026-02-18T00:00:00.000Z,0,6.977279226271723E-5
2026-02-15T00:00:00.000Z,0,6.329725525574758E-5
2026-02-12T00:00:00.000Z,0,6.495764499338572E-5
2026-02-17T00:00:00.000Z,0,4.6229798701662934E-5
2026-07-02T00:00:00.000Z,0,1.8150261683201408E-5
2026-07-04T00:00:00.000Z,0,2.429052103396853E-5
2026-07-03T00:00:00.000Z,0,3.297704802557396E-5
2026-07-01T00:00:00.000Z,0,1.795098461072831E-5
2026-06-29T00:00:00.000Z,0,1.714656877509774E-5
2026-06-30T00:00:00.000Z,0,2.095488147062173E-5
2026-07-05T00:00:00.000Z,0,2.672481579273673E-5
2026-06-28T00:00:00.000Z,0,2.528229069622779E-5
2026-02-25T00:00:00.000Z,0,1.0295943727144802E-4
2026-02-23T00:00:00.000Z,0,5.3174846610860324E-5
2026-02-24T00:00:00.000Z,0,1.015852590171562E-4
2026-02-26T00:00:00.000Z,0,4.964911596997668E-5
2026-02-22T00:00:00.000Z,0,3.7108801262337904E-5
2026-02-21T00:00:00.000Z,0,8.89241374842151E-5
2026-02-20T00:00:00.000Z,0,5.2243167388391716E-5
2026-02-27T00:00:00.000Z,0,2.931857483452824E-5
2026-07-31T00:00:00.000Z,0,3.112674280950719E-5
2026-08-01T00:00:00.000Z,0,
2026-08-06T00:00:00.000Z,0,1.8573957497798855E-5
2026-07-30T00:00:00.000Z,0,3.5351306920583886E-5
2026-08-04T00:00:00.000Z,0,2.0012455574625314E-5
2026-08-05T00:00:00.000Z,0,1.9851774954021852E-5
2026-08-02T00:00:00.000Z,0,
2026-08-03T00:00:00.000Z,0,2.6284561065393118E-5
2025-11-06T00:00:00.000Z,0,1.0580353568037445E-4
2025-11-03T00:00:00.000Z,0,4.1438473806028224E-5
2025-11-05T00:00:00.000Z,0,4.8922537217339804E-5
2025-10-31T00:00:00.000Z,0,2.9371664044392123E-5
2025-11-02T00:00:00.000Z,0,7.292014776812021E-5
2025-11-04T00:00:00.000Z,0,4.520830492100895E-5
2025-11-07T00:00:00.000Z,0,7.021216925540312E-5
2025-11-01T00:00:00.000Z,0,7.8368514725578E-5
2026-01-23T00:00:00.000Z,0,4.23891973506093E-5
2026-01-25T00:00:00.000Z,0,3.669088963971052E-5
2026-01-19T00:00:00.000Z,0,8.166418026205529E-5
2026-01-21T00:00:00.000Z,0,8.937970322641867E-5
2026-01-22T00:00:00.000Z,0,3.856210605590604E-5
2026-01-26T00:00:00.000Z,0,5.802998268452629E-5
2026-01-20T00:00:00.000Z,0,7.62802252351181E-5
2026-01-24T00:00:00.000Z,0,3.3360492524716906E-5
2026-06-03T00:00:00.000Z,0,1.2919927153267105E-5
2026-05-29T00:00:00.000Z,0,1.2477128577440669E-5
2026-06-02T00:00:00.000Z,0,1.881600516771169E-5
2026-06-01T00:00:00.000Z,0,1.3379761834122825E-5
2026-05-30T00:00:00.000Z,0,2.0875071650130815E-5
2026-05-28T00:00:00.000Z,0,1.0209170918374665E-5
2026-05-27T00:00:00.000Z,0,1.8691135841646218E-5
2026-05-31T00:00:00.000Z,0,8.450126644340972E-6
2025-09-25T00:00:00.000Z,0,2.3073683088555434E-5
2025-09-27T00:00:00.000Z,0,4.367051006878543E-5
2025-09-23T00:00:00.000Z,0,1.6688395296495722E-5
2025-09-24T00:00:00.000Z,0,1.4802722944295965E-5
2025-09-21T00:00:00.000Z,0,2.352050080014953E-5
2025-09-22T00:00:00.000Z,0,2.5423554400143022E-5
2025-09-28T00:00:00.000Z,0,3.805163710939479E-5
2025-09-26T00:00:00.000Z,0,3.6931958491931226E-5
2025-12-15T00:00:00.000Z,0,6.721855464250508E-5
2025-12-10T00:00:00.000Z,0,8.574560903210883E-5
2025-12-16T00:00:00.000Z,0,5.859317180538098E-5
2025-12-17T00:00:00.000Z,0,5.5864343140945914E-5
2025-12-12T00:00:00.000Z,0,5.861345286155903E-5
2025-12-13T00:00:00.000Z,0,4.446586766248101E-5
2025-12-11T00:00:00.000Z,0,7.18024955351491E-5
2025-12-14T00:00:00.000Z,0,5.756612938974404E-5
2026-04-06T00:00:00.000Z,0,2.0781411321622002E-5
2026-04-02T00:00:00.000Z,0,
2026-04-05T00:00:00.000Z,0,3.431803939711782E-5
2026-04-04T00:00:00.000Z,0,3.439511455667343E-5
2026-04-08T00:00:00.000Z,0,4.507020133202716E-5
2026-04-01T00:00:00.000Z,0,2.4815948485440114E-5
2026-04-03T00:00:00.000Z,0,2.8881580361198437E-5
2026-04-07T00:00:00.000Z,0,3.450859174406035E-5
2026-07-28T00:00:00.000Z,0,2.583905661879271E-5
2026-07-24T00:00:00.000Z,0,3.739538190715775E-5
2026-07-25T00:00:00.000Z,0,2.7396281438996084E-5
2026-07-26T00:00:00.000Z,0,3.033653691394041E-5
2026-07-22T00:00:00.000Z,0,3.205232897384158E-5
2026-07-29T00:00:00.000Z,0,3.027047830983065E-5
2026-07-23T00:00:00.000Z,0,4.562910876055578E-5
2026-07-27T00:00:00.000Z,0,3.1616565646991625E-5
