date,latitude,longitude,NO2_column_density_mol_m2
2026-08-25,25.63263888888889,66.67728174603175,1.9638292e-05
2026-08-25,25.63263888888889,66.73184523809523,1.7226477e-05
2026-08-25,25.63263888888889,66.78640873015871,1.4627708e-05
2026-08-25,25.63263888888889,66.84097222222219,2.161894e-05
2026-08-25,25.63263888888889,66.89553571428567,1.931713e-05
2026-08-25,25.63263888888889,66.95009920634917,2.2465008e-05
2026-08-25,25.63263888888889,67.00466269841264,1.7657481e-05
2026-08-25,25.63263888888889,67.05922619047612,1.9414088e-05
2026-08-25,25.63263888888889,67.1137896825396,1.9414088e-05
2026-08-25,25.63263888888889,67.1683531746031,2.4012583e-05
2026-08-25,25.63263888888889,67.22291666666658,2.3452581e-05
2026-08-25,25.63263888888889,67.27748015873006,2.6162506e-05
2026-08-25,25.63263888888889,67.33204365079354,2.0241481e-05
2026-08-25,25.63263888888889,67.38660714285703,1.6408827e-05
2026-08-25,25.63263888888889,67.44117063492051,2.2723243e-05
2026-08-25,25.63263888888889,67.49573412698399,2.513357e-05
2026-08-25,25.63263888888889,67.55029761904747,1.7947597e-05
2026-08-25,25.63263888888889,67.60486111111095,2.6214737e-05
2026-08-25,25.597916666666674,66.67728174603175,2.37914e-05
2026-08-25,25.597916666666674,66.73184523809523,1.7226477e-05
2026-08-25,25.597916666666674,66.78640873015871,1.8918361e-05
2026-08-25,25.597916666666674,66.84097222222219,1.8918361e-05
2026-08-25,25.597916666666674,66.89553571428567,1.931713e-05
2026-08-25,25.597916666666674,66.95009920634917,1.7584978e-05
2026-08-25,25.597916666666674,67.00466269841264,1.7657481e-05
2026-08-25,25.597916666666674,67.05922619047612,1.3305988e-05
2026-08-25,25.597916666666674,67.1137896825396,1.3305988e-05
2026-08-25,25.597916666666674,67.1683531746031,2.4012583e-05
2026-08-25,25.597916666666674,67.22291666666658,2.6442696e-05
2026-08-25,25.597916666666674,67.27748015873006,1.483691e-05
2026-08-25,25.597916666666674,67.33204365079354,2.0241481e-05
2026-08-25,25.597916666666674,67.38660714285703,1.7610262e-05
2026-08-25,25.597916666666674,67.44117063492051,2.2723243e-05
2026-08-25,25.597916666666674,67.49573412698399,2.7674341e-05
2026-08-25,25.597916666666674,67.55029761904747,2.6624386e-05
2026-08-25,25.597916666666674,67.60486111111095,2.6214737e-05
2026-08-25,25.56319444444446,66.67728174603175,2.3261588e-05
2026-08-25,25.56319444444446,66.73184523809523,1.3392014e-05
2026-08-25,25.56319444444446,66.78640873015871,1.3392014e-05
2026-08-25,25.56319444444446,66.84097222222219,2.2061846e-05
2026-08-25,25.56319444444446,66.89553571428567,2.0018484e-05
2026-08-25,25.56319444444446,66.95009920634917,1.7584978e-05
2026-08-25,25.56319444444446,67.00466269841264,2.2098273e-05
2026-08-25,25.56319444444446,67.05922619047612,2.2098273e-05
2026-08-25,25.56319444444446,67.1137896825396,2.2265234e-05
2026-08-25,25.56319444444446,67.1683531746031,2.1607551e-05
2026-08-25,25.56319444444446,67.22291666666658,2.6442696e-05
2026-08-25,25.56319444444446,67.27748015873006,1.6117003e-05
2026-08-25,25.56319444444446,67.33204365079354,1.6117003e-05
2026-08-25,25.56319444444446,67.38660714285703,1.7610262e-05
2026-08-25,25.56319444444446,67.44117063492051,2.2872224e-05
2026-08-25,25.56319444444446,67.49573412698399,2.7674341e-05
2026-08-25,25.56319444444446,67.55029761904747,1.9415977e-05
2026-08-25,25.56319444444446,67.60486111111095,2.3010278e-05
2026-08-25,25.52847222222224,66.67728174603175,2.3261588e-05
2026-08-25,25.52847222222224,66.73184523809523,1.4961358e-05
2026-08-25,25.52847222222224,66.78640873015871,1.4961358e-05
2026-08-25,25.52847222222224,66.84097222222219,2.2061846e-05
2026-08-25,25.52847222222224,66.89553571428567,2.2263705e-05
2026-08-25,25.52847222222224,66.95009920634917,2.2247743e-05
2026-08-25,25.52847222222224,67.00466269841264,2.2247743e-05
2026-08-25,25.52847222222224,67.05922619047612,2.1520045e-05
2026-08-25,25.52847222222224,67.1137896825396,2.2265234e-05
2026-08-25,25.52847222222224,67.1683531746031,2.0732832e-05
2026-08-25,25.52847222222224,67.22291666666658,2.6414955e-05
2026-08-25,25.52847222222224,67.27748015873006,2.6414955e-05
2026-08-25,25.52847222222224,67.33204365079354,1.4280363e-05
2026-08-25,25.52847222222224,67.38660714285703,1.896282e-05
2026-08-25,25.52847222222224,67.44117063492051,2.1113228e-05
2026-08-25,25.52847222222224,67.49573412698399,2.316801e-05
2026-08-25,25.52847222222224,67.55029761904747,1.9415977e-05
2026-08-25,25.52847222222224,67.60486111111095,2.4373621e-05
2026-08-25,25.493750000000027,66.67728174603175,1.8280634e-05
2026-08-25,25.493750000000027,66.73184523809523,1.8280634e-05
2026-08-25,25.493750000000027,66.78640873015871,1.6088892e-05
2026-08-25,25.493750000000027,66.84097222222219,2.1794764e-05
2026-08-25,25.493750000000027,66.89553571428567,2.2263705e-05
2026-08-25,25.493750000000027,66.95009920634917,1.8424587e-05
2026-08-25,25.493750000000027,67.00466269841264,1.9050849e-05
2026-08-25,25.493750000000027,67.05922619047612,2.1520045e-05
2026-08-25,25.493750000000027,67.1137896825396,2.0528303e-05
2026-08-25,25.493750000000027,67.1683531746031,2.0732832e-05
2026-08-25,25.493750000000027,67.22291666666658,2.1423815e-05
2026-08-25,25.493750000000027,67.27748015873006,2.2897677e-05
2026-08-25,25.493750000000027,67.33204365079354,1.4280363e-05
2026-08-25,25.493750000000027,67.38660714285703,1.8650791e-05
2026-08-25,25.493750000000027,67.44117063492051,2.1113228e-05
2026-08-25,25.493750000000027,67.49573412698399,1.7152659e-05
2026-08-25,25.493750000000027,67.55029761904747,1.7152659e-05
2026-08-25,25.493750000000027,67.60486111111095,2.4373621e-05
2026-08-25,25.45902777777781,66.67728174603175,1.8280634e-05
2026-08-25,25.45902777777781,66.73184523809523,1.7962702e-05
2026-08-25,25.45902777777781,66.78640873015871,1.6088892e-05
2026-08-25,25.45902777777781,66.84097222222219,2.1473936e-05
2026-08-25,25.45902777777781,66.89553571428567,1.8424587e-05
2026-08-25,25.45902777777781,66.95009920634917,1.8424587e-05
2026-08-25,25.45902777777781,67.00466269841264,2.8335755e-05
2026-08-25,25.45902777777781,67.05922619047612,2.6354786e-05
2026-08-25,25.45902777777781,67.1137896825396,1.874487e-05
2026-08-25,25.45902777777781,67.1683531746031,1.874487e-05
2026-08-25,25.45902777777781,67.22291666666658,2.1423815e-05
2026-08-25,25.45902777777781,67.27748015873006,2.7932783e-05
2026-08-25,25.45902777777781,67.33204365079354,2.199211e-05
2026-08-25,25.45902777777781,67.38660714285703,1.8650791e-05
2026-08-25,25.45902777777781,67.44117063492051,2.6509855e-05
2026-08-25,25.45902777777781,67.49573412698399,2.6509855e-05
2026-08-25,25.45902777777781,67.55029761904747,2.7132452e-05
2026-08-25,25.45902777777781,67.60486111111095,2.5860256e-05
2026-08-25,25.424305555555595,66.73184523809523,1.7962702e-05
2026-08-25,25.424305555555595,66.78640873015871,1.543894e-05
2026-08-25,25.424305555555595,66.84097222222219,2.1473936e-05
2026-08-25,25.424305555555595,66.89553571428567,1.6115348e-05
2026-08-25,25.424305555555595,66.95009920634917,2.2253369e-05
2026-08-25,25.424305555555595,67.00466269841264,2.8335755e-05
2026-08-25,25.424305555555595,67.05922619047612,1.8193325e-05
2026-08-25,25.424305555555595,67.1137896825396,1.874487e-05
2026-08-25,25.424305555555595,67.1683531746031,1.9561738e-05
2026-08-25,25.424305555555595,67.22291666666658,1.9697045e-05
2026-08-25,25.424305555555595,67.27748015873006,2.7932783e-05
2026-08-25,25.424305555555595,67.33204365079354,2.286895e-05
2026-08-25,25.424305555555595,67.38660714285703,3.128888e-05
2026-08-25,25.424305555555595,67.44117063492051,3.128888e-05
2026-08-25,25.424305555555595,67.49573412698399,2.7209802e-05
2026-08-25,25.424305555555595,67.55029761904747,2.7132452e-05
2026-08-25,25.424305555555595,67.60486111111095,3.4174776e-05
2026-08-25,25.38958333333338,66.78640873015871,1.543894e-05
2026-08-25,25.38958333333338,66.89553571428567,1.6115348e-05
2026-08-25,25.38958333333338,66.95009920634917,1.863031e-05
2026-08-25,25.38958333333338,67.00466269841264,2.8988596e-05
2026-08-25,25.38958333333338,67.05922619047612,1.8193325e-05
2026-08-25,25.38958333333338,67.1137896825396,2.3163788e-05
2026-08-25,25.38958333333338,67.1683531746031,1.9561738e-05
2026-08-25,25.38958333333338,67.22291666666658,2.4920297e-05
2026-08-25,25.38958333333338,67.27748015873006,2.037409e-05
2026-08-25,25.38958333333338,67.33204365079354,2.286895e-05
2026-08-25,25.38958333333338,67.38660714285703,2.9162858e-05
2026-08-25,25.38958333333338,67.44117063492051,2.3576962e-05
2026-08-25,25.38958333333338,67.49573412698399,2.7209802e-05
2026-08-25,25.38958333333338,67.55029761904747,3.1293497e-05
2026-08-25,25.38958333333338,67.60486111111095,3.4174776e-05
2026-08-25,25.354861111111163,66.89553571428567,2.3582083e-05
2026-08-25,25.354861111111163,66.95009920634917,1.863031e-05
2026-08-25,25.354861111111163,67.00466269841264,2.585364e-05
2026-08-25,25.354861111111163,67.05922619047612,2.585364e-05
2026-08-25,25.354861111111163,67.1137896825396,2.3163788e-05
2026-08-25,25.354861111111163,67.1683531746031,2.2460772e-05
2026-08-25,25.354861111111163,67.22291666666658,2.4920297e-05
2026-08-25,25.354861111111163,67.27748015873006,2.4225437e-05
2026-08-25,25.354861111111163,67.33204365079354,2.4225437e-05
2026-08-25,25.354861111111163,67.38660714285703,2.9162858e-05
2026-08-25,25.354861111111163,67.44117063492051,3.0268213e-05
2026-08-25,25.354861111111163,67.49573412698399,2.7106002e-05
2026-08-25,25.354861111111163,67.55029761904747,3.1293497e-05
2026-08-25,25.354861111111163,67.60486111111095,3.7891572e-05
2026-08-25,25.32013888888895,66.89553571428567,1.433639e-05
2026-08-25,25.32013888888895,66.95009920634917,2.1533793e-05
2026-08-25,25.32013888888895,67.00466269841264,2.1533793e-05
2026-08-25,25.32013888888895,67.05922619047612,1.65911e-05
2026-08-25,25.32013888888895,67.1137896825396,1.9473464e-05
2026-08-25,25.32013888888895,67.1683531746031,2.2460772e-05
2026-08-25,25.32013888888895,67.22291666666658,2.6629348e-05
2026-08-25,25.32013888888895,67.27748015873006,2.6629348e-05
2026-08-25,25.32013888888895,67.33204365079354,3.5684523e-05
2026-08-25,25.32013888888895,67.38660714285703,4.249373e-05
2026-08-25,25.32013888888895,67.44117063492051,3.0268213e-05
2026-08-25,25.32013888888895,67.49573412698399,4.6666646e-05
2026-08-25,25.32013888888895,67.55029761904747,4.5939552e-05
2026-08-25,25.32013888888895,67.60486111111095,4.5939552e-05
2026-08-25,25.28541666666673,66.89553571428567,1.433639e-05
2026-08-25,25.28541666666673,66.95009920634917,2.194497e-05
2026-08-25,25.28541666666673,67.00466269841264,2.194497e-05
2026-08-25,25.28541666666673,67.05922619047612,1.65911e-05
2026-08-25,25.28541666666673,67.1137896825396,2.7321912e-05
2026-08-25,25.28541666666673,67.1683531746031,3.3184897e-05
2026-08-25,25.28541666666673,67.22291666666658,3.3184897e-05
2026-08-25,25.28541666666673,67.27748015873006,3.795566e-05
2026-08-25,25.28541666666673,67.33204365079354,3.5684523e-05
2026-08-25,25.28541666666673,67.38660714285703,4.0554984e-05
2026-08-25,25.28541666666673,67.44117063492051,3.9801515e-05
2026-08-25,25.28541666666673,67.49573412698399,4.6666646e-05
2026-08-25,25.28541666666673,67.55029761904747,4.2975484e-05
2026-08-25,25.28541666666673,67.60486111111095,3.954296e-05
2026-08-25,25.250694444444516,66.89553571428567,1.834639e-05
2026-08-25,25.250694444444516,66.95009920634917,1.834639e-05
2026-08-25,25.250694444444516,67.00466269841264,4.3550128e-05
2026-08-25,25.250694444444516,67.05922619047612,3.6084853e-05
2026-08-25,25.250694444444516,67.1137896825396,2.7321912e-05
2026-08-25,25.250694444444516,67.1683531746031,4.4696353e-05
2026-08-25,25.250694444444516,67.22291666666658,5.2811192e-05
2026-08-25,25.250694444444516,67.27748015873006,3.795566e-05
2026-08-25,25.250694444444516,67.33204365079354,4.1376337e-05
2026-08-25,25.250694444444516,67.38660714285703,4.0554984e-05
2026-08-25,25.250694444444516,67.44117063492051,3.7380894e-05
2026-08-25,25.250694444444516,67.49573412698399,3.7380894e-05
2026-08-25,25.250694444444516,67.55029761904747,4.2975484e-05
2026-08-25,25.250694444444516,67.60486111111095,3.360358e-05
2026-08-25,25.215972222222298,66.84097222222219,1.3231427e-05
2026-08-25,25.215972222222298,66.89553571428567,1.3231427e-05
2026-08-25,25.215972222222298,66.95009920634917,3.801415e-05
2026-08-25,25.215972222222298,67.00466269841264,4.3550128e-05
2026-08-25,25.215972222222298,67.05922619047612,5.573302e-05
2026-08-25,25.215972222222298,67.1137896825396,4.4696353e-05
2026-08-25,25.215972222222298,67.1683531746031,4.4696353e-05
2026-08-25,25.215972222222298,67.22291666666658,4.9944025e-05
2026-08-25,25.215972222222298,67.27748015873006,4.2315587e-05
2026-08-25,25.215972222222298,67.33204365079354,4.1376337e-05
2026-08-25,25.215972222222298,67.38660714285703,3.608408e-05
2026-08-25,25.215972222222298,67.44117063492051,3.608408e-05
2026-08-25,25.215972222222298,67.49573412698399,2.8544484e-05
2026-08-25,25.215972222222298,67.55029761904747,3.1505984e-05
2026-08-25,25.215972222222298,67.60486111111095,3.360358e-05
2026-08-25,25.181250000000084,66.84097222222219,2.968689e-05
2026-08-25,25.181250000000084,66.89553571428567,2.968689e-05
2026-08-25,25.181250000000084,66.95009920634917,3.801415e-05
2026-08-25,25.181250000000084,67.00466269841264,5.5308086e-05
2026-08-25,25.181250000000084,67.05922619047612,5.573302e-05
2026-08-25,25.181250000000084,67.1137896825396,3.18963e-05
2026-08-25,25.181250000000084,67.1683531746031,4.3841817e-05
2026-08-25,25.181250000000084,67.22291666666658,4.9944025e-05
2026-08-25,25.181250000000084,67.27748015873006,3.8583374e-05
2026-08-25,25.181250000000084,67.33204365079354,3.2631986e-05
2026-08-25,25.181250000000084,67.38660714285703,2.7833119e-05
2026-08-25,25.181250000000084,67.44117063492051,2.965304e-05
2026-08-25,25.181250000000084,67.49573412698399,2.8544484e-05
2026-08-25,25.181250000000084,67.55029761904747,3.8152215e-05
2026-08-25,25.181250000000084,67.60486111111095,3.5827743e-05
2026-08-25,25.146527777777866,66.78640873015871,2.83517e-05
2026-08-25,25.146527777777866,66.84097222222219,2.83517e-05
2026-08-25,25.146527777777866,66.89553571428567,2.5925192e-05
2026-08-25,25.146527777777866,66.95009920634917,4.777195e-05
2026-08-25,25.146527777777866,67.00466269841264,5.5308086e-05
2026-08-25,25.146527777777866,67.05922619047612,3.9724102e-05
2026-08-25,25.146527777777866,67.1137896825396,3.18963e-05
2026-08-25,25.146527777777866,67.1683531746031,3.8310816e-05
2026-08-25,25.146527777777866,67.22291666666658,3.509512e-05
2026-08-25,25.146527777777866,67.27748015873006,3.8583374e-05
2026-08-25,25.146527777777866,67.33204365079354,3.6438963e-05
2026-08-25,25.146527777777866,67.38660714285703,2.7833119e-05
2026-08-25,25.146527777777866,67.44117063492051,3.9257662e-05
2026-08-25,25.146527777777866,67.49573412698399,3.8435686e-05
2026-08-25,25.146527777777866,67.55029761904747,3.8152215e-05
2026-08-25,25.146527777777866,67.60486111111095,4.964665e-05
2026-08-25,25.11180555555565,66.84097222222219,2.377493e-05
2026-08-25,25.11180555555565,66.89553571428567,2.5925192e-05
2026-08-25,25.11180555555565,66.95009920634917,3.1065483e-05
2026-08-25,25.11180555555565,67.00466269841264,3.9724102e-05
2026-08-25,25.11180555555565,67.05922619047612,3.9724102e-05
2026-08-25,25.11180555555565,67.1137896825396,3.004796e-05
2026-08-25,25.11180555555565,67.1683531746031,3.8310816e-05
2026-08-25,25.11180555555565,67.22291666666658,3.1232885e-05
2026-08-25,25.11180555555565,67.27748015873006,3.1232885e-05
2026-08-25,25.11180555555565,67.33204365079354,3.6438963e-05
2026-08-25,25.11180555555565,67.38660714285703,3.3630567e-05
2026-08-25,25.11180555555565,67.44117063492051,3.9257662e-05
2026-08-25,25.11180555555565,67.49573412698399,5.6166908e-05
2026-08-25,25.11180555555565,67.55029761904747,5.7847188e-05
2026-08-25,25.11180555555565,67.60486111111095,5.7847188e-05
2026-08-25,25.077083333333434,66.84097222222219,2.301275e-05
2026-08-25,25.077083333333434,66.89553571428567,2.311282e-05
2026-08-25,25.077083333333434,66.95009920634917,3.1065483e-05
2026-08-25,25.077083333333434,67.00466269841264,3.2762124e-05
2026-08-25,25.077083333333434,67.05922619047612,3.142754e-05
2026-08-25,25.077083333333434,67.1137896825396,4.408654e-05
2026-08-25,25.077083333333434,67.1683531746031,3.6416513e-05
2026-08-25,25.077083333333434,67.22291666666658,3.6416513e-05
2026-08-25,25.077083333333434,67.27748015873006,4.6278317e-05
2026-08-25,25.077083333333434,67.33204365079354,4.2134434e-05
2026-08-25,25.077083333333434,67.38660714285703,3.3630567e-05
2026-08-25,25.077083333333434,67.44117063492051,4.5113993e-05
2026-08-25,25.077083333333434,67.49573412698399,5.6166908e-05
2026-08-25,25.077083333333434,67.55029761904747,7.6423086e-05
2026-08-25,25.077083333333434,67.60486111111095,8.553481e-05
2026-08-25,25.04236111111122,66.84097222222219,2.301275e-05
2026-08-25,25.04236111111122,66.89553571428567,2.3168814e-05
2026-08-25,25.04236111111122,66.95009920634917,2.3168814e-05
2026-08-25,25.04236111111122,67.00466269841264,3.2762124e-05
2026-08-25,25.04236111111122,67.05922619047612,4.0360956e-05
2026-08-25,25.04236111111122,67.1137896825396,4.408654e-05
2026-08-25,25.04236111111122,67.1683531746031,5.8518126e-05
2026-08-25,25.04236111111122,67.22291666666658,5.8518126e-05
2026-08-25,25.04236111111122,67.27748015873006,4.6278317e-05
2026-08-25,25.04236111111122,67.33204365079354,4.792161e-05
2026-08-25,25.04236111111122,67.38660714285703,5.3197244e-05
2026-08-25,25.04236111111122,67.44117063492051,4.5113993e-05
2026-08-25,25.04236111111122,67.49573412698399,5.632515e-05
2026-08-25,25.04236111111122,67.55029761904747,7.6423086e-05
2026-08-25,25.04236111111122,67.60486111111095,4.448036e-05
2026-08-25,25.007638888889,66.84097222222219,2.779868e-05
2026-08-25,25.007638888889,66.89553571428567,2.3168814e-05
2026-08-25,25.007638888889,66.95009920634917,3.088831e-05
2026-08-25,25.007638888889,67.00466269841264,3.0346495e-05
2026-08-25,25.007638888889,67.05922619047612,4.0360956e-05
2026-08-25,25.007638888889,67.1137896825396,5.140519e-05
2026-08-25,25.007638888889,67.1683531746031,5.140519e-05
2026-08-25,25.007638888889,67.22291666666658,6.2807274e-05
2026-08-25,25.007638888889,67.27748015873006,5.8146114e-05
2026-08-25,25.007638888889,67.33204365079354,4.792161e-05
2026-08-25,25.007638888889,67.38660714285703,5.7463203e-05
2026-08-25,25.007638888889,67.44117063492051,5.7463203e-05
2026-08-25,25.007638888889,67.49573412698399,5.632515e-05
2026-08-25,25.007638888889,67.55029761904747,4.2735104e-05
2026-08-25,25.007638888889,67.60486111111095,4.448036e-05
2026-08-25,24.972916666666787,66.67728174603175,1.7033148e-05
2026-08-25,24.972916666666787,66.84097222222219,2.779868e-05
2026-08-25,24.972916666666787,66.89553571428567,3.3283715e-05
2026-08-25,24.972916666666787,66.95009920634917,3.088831e-05
2026-08-25,24.972916666666787,67.00466269841264,3.463392e-05
2026-08-25,24.972916666666787,67.05922619047612,5.2936713e-05
2026-08-25,24.972916666666787,67.1137896825396,5.2936713e-05
2026-08-25,24.972916666666787,67.1683531746031,6.300892e-05
2026-08-25,24.972916666666787,67.22291666666658,6.2807274e-05
2026-08-25,24.972916666666787,67.27748015873006,5.6651275e-05
2026-08-25,24.972916666666787,67.33204365079354,5.19053e-05
2026-08-25,24.972916666666787,67.38660714285703,5.19053e-05
2026-08-25,24.972916666666787,67.44117063492051,5.493367e-05
2026-08-25,24.972916666666787,67.49573412698399,4.1517615e-05
2026-08-25,24.972916666666787,67.55029761904747,4.2735104e-05
2026-08-25,24.972916666666787,67.60486111111095,4.9182883e-05
2026-08-25,24.938194444444573,66.67728174603175,2.2469876e-05
2026-08-25,24.938194444444573,66.89553571428567,2.3425357e-05
2026-08-25,24.938194444444573,66.95009920634917,3.1256805e-05
2026-08-25,24.938194444444573,67.00466269841264,3.463392e-05
2026-08-25,24.938194444444573,67.05922619047612,4.5196608e-05
2026-08-25,24.938194444444573,67.1137896825396,5.0875944e-05
2026-08-25,24.938194444444573,67.1683531746031,6.300892e-05
2026-08-25,24.938194444444573,67.22291666666658,4.9250157e-05
2026-08-25,24.938194444444573,67.27748015873006,5.6651275e-05
2026-08-25,24.938194444444573,67.33204365079354,7.199137e-05
2026-08-25,24.938194444444573,67.38660714285703,6.1064056e-05
2026-08-25,24.938194444444573,67.44117063492051,5.493367e-05
2026-08-25,24.938194444444573,67.49573412698399,6.937824e-05
2026-08-25,24.938194444444573,67.55029761904747,6.143592e-05
2026-08-25,24.938194444444573,67.60486111111095,4.9182883e-05
2026-08-25,24.903472222222355,66.67728174603175,2.6102009e-05
2026-08-25,24.903472222222355,66.84097222222219,1.8542321e-05
2026-08-25,24.903472222222355,66.89553571428567,2.3425357e-05
2026-08-25,24.903472222222355,66.95009920634917,2.9164283e-05
2026-08-25,24.903472222222355,67.00466269841264,4.5196608e-05
2026-08-25,24.903472222222355,67.05922619047612,4.5196608e-05
2026-08-25,24.903472222222355,67.1137896825396,4.925587e-05
2026-08-25,24.903472222222355,67.1683531746031,5.8454578e-05
2026-08-25,24.903472222222355,67.22291666666658,4.9250157e-05
2026-08-25,24.903472222222355,67.27748015873006,6.327498e-05
2026-08-25,24.903472222222355,67.33204365079354,7.199137e-05
2026-08-25,24.903472222222355,67.38660714285703,6.7419496e-05
2026-08-25,24.903472222222355,67.44117063492051,6.532215e-05
2026-08-25,24.903472222222355,67.49573412698399,6.937824e-05
2026-08-25,24.903472222222355,67.55029761904747,5.5987977e-05
2026-08-25,24.903472222222355,67.60486111111095,5.5987977e-05
2026-08-25,24.86875000000014,66.67728174603175,2.6102009e-05
2026-08-25,24.86875000000014,66.73184523809523,1.21922585e-05
2026-08-25,24.86875000000014,66.78640873015871,1.21922585e-05
2026-08-25,24.86875000000014,66.84097222222219,1.8542321e-05
2026-08-25,24.86875000000014,66.89553571428567,2.3294217e-05
2026-08-25,24.86875000000014,66.95009920634917,2.9164283e-05
2026-08-25,24.86875000000014,67.00466269841264,2.6186932e-05
2026-08-25,24.86875000000014,67.05922619047612,4.0842082e-05
2026-08-25,24.86875000000014,67.1137896825396,4.925587e-05
2026-08-25,24.86875000000014,67.1683531746031,5.4938297e-05
2026-08-25,24.86875000000014,67.22291666666658,6.327498e-05
2026-08-25,24.86875000000014,67.27748015873006,6.327498e-05
2026-08-25,24.86875000000014,67.33204365079354,7.049954e-05
2026-08-25,24.86875000000014,67.38660714285703,6.7419496e-05
2026-08-25,24.86875000000014,67.44117063492051,6.4958156e-05
2026-08-25,24.86875000000014,67.49573412698399,6.114846e-05
2026-08-25,24.86875000000014,67.55029761904747,6.114846e-05
2026-08-25,24.86875000000014,67.60486111111095,5.8380516e-05
2026-08-25,24.834027777777923,66.67728174603175,1.7159105e-05
2026-08-25,24.834027777777923,66.73184523809523,1.21922585e-05
2026-08-25,24.834027777777923,66.78640873015871,1.3827331e-05
2026-08-25,24.834027777777923,66.84097222222219,1.9046705e-05
2026-08-25,24.834027777777923,66.89553571428567,2.3294217e-05
2026-08-25,24.834027777777923,66.95009920634917,2.268665e-05
2026-08-25,24.834027777777923,67.00466269841264,2.6186932e-05
2026-08-25,24.834027777777923,67.05922619047612,2.754747e-05
2026-08-25,24.834027777777923,67.1137896825396,4.1913856e-05
2026-08-25,24.834027777777923,67.1683531746031,5.4938297e-05
2026-08-25,24.834027777777923,67.22291666666658,4.317457e-05
2026-08-25,24.834027777777923,67.27748015873006,5.0450835e-05
2026-08-25,24.834027777777923,67.33204365079354,4.7189835e-05
2026-08-25,24.834027777777923,67.38660714285703,5.7778077e-05
2026-08-25,24.834027777777923,67.44117063492051,6.4958156e-05
2026-08-25,24.834027777777923,67.49573412698399,6.0278024e-05
2026-08-25,24.834027777777923,67.55029761904747,6.299262e-05
2026-08-25,24.834027777777923,67.60486111111095,5.8380516e-05
2026-08-25,24.79930555555571,66.67728174603175,1.6943784e-05
2026-08-25,24.79930555555571,66.73184523809523,1.6943784e-05
2026-08-25,24.79930555555571,66.78640873015871,1.3827331e-05
2026-08-25,24.79930555555571,66.84097222222219,2.3661538e-05
2026-08-25,24.79930555555571,66.89553571428567,2.268665e-05
2026-08-25,24.79930555555571,66.95009920634917,2.268665e-05
2026-08-25,24.79930555555571,67.00466269841264,2.4297236e-05
2026-08-25,24.79930555555571,67.05922619047612,2.754747e-05
2026-08-25,24.79930555555571,67.1137896825396,2.4963798e-05
2026-08-25,24.79930555555571,67.1683531746031,2.4963798e-05
2026-08-25,24.79930555555571,67.22291666666658,4.317457e-05
2026-08-25,24.79930555555571,67.27748015873006,3.2764612e-05
2026-08-25,24.79930555555571,67.33204365079354,4.7189835e-05
2026-08-25,24.79930555555571,67.38660714285703,4.8961392e-05
2026-08-25,24.79930555555571,67.44117063492051,4.8961392e-05
2026-08-25,24.79930555555571,67.49573412698399,6.0278024e-05
2026-08-25,24.79930555555571,67.55029761904747,3.6032918e-05
2026-08-25,24.79930555555571,67.60486111111095,3.8858983e-05
2026-08-25,24.76458333333349,66.67728174603175,1.4396714e-05
2026-08-25,24.76458333333349,66.78640873015871,1.4737646e-05
2026-08-25,24.76458333333349,66.84097222222219,2.3661538e-05
2026-08-25,24.76458333333349,66.89553571428567,2.6488218e-05
2026-08-25,24.76458333333349,66.95009920634917,1.9207298e-05
2026-08-25,24.76458333333349,67.00466269841264,2.4297236e-05
2026-08-25,24.76458333333349,67.05922619047612,2.7545859e-05
2026-08-25,24.76458333333349,67.1137896825396,2.7545859e-05
2026-08-25,24.76458333333349,67.22291666666658,2.725889e-05
2026-08-25,24.76458333333349,67.27748015873006,3.2764612e-05
2026-08-25,24.76458333333349,67.33204365079354,2.9946621e-05
2026-08-25,24.76458333333349,67.38660714285703,2.9946621e-05
2026-08-25,24.76458333333349,67.44117063492051,2.9325669e-05
2026-08-25,24.76458333333349,67.49573412698399,2.355192e-05
2026-08-25,24.76458333333349,67.55029761904747,3.6032918e-05
2026-08-25,24.76458333333349,67.60486111111095,2.474809e-05
